"movie.name","movie.cast","movie.link","year","votes","rating"
"The Shawshank Redemption","Frank Darabont (dir.), Tim Robbins, Morgan Freeman","http://www.imdb.com/title/tt0111161/?pf_rd_m=A2FGELUUNOQJNL&pf_rd_p=e31d89dd-322d-4646-8962-327b42fe94b1&pf_rd_r=R89VPNE1JV1285T28VW2&pf_rd_s=center-1&pf_rd_t=15506&pf_rd_i=top&ref_=chttp_tt_1",1994,"2079323",9.2
"The Godfather","Francis Ford Coppola (dir.), Marlon Brando, Al Pacino","http://www.imdb.com/title/tt0068646/?pf_rd_m=A2FGELUUNOQJNL&pf_rd_p=e31d89dd-322d-4646-8962-327b42fe94b1&pf_rd_r=R89VPNE1JV1285T28VW2&pf_rd_s=center-1&pf_rd_t=15506&pf_rd_i=top&ref_=chttp_tt_2",1972,"1426704",9.2
"The Godfather: Part II","Francis Ford Coppola (dir.), Al Pacino, Robert De Niro","http://www.imdb.com/title/tt0071562/?pf_rd_m=A2FGELUUNOQJNL&pf_rd_p=e31d89dd-322d-4646-8962-327b42fe94b1&pf_rd_r=R89VPNE1JV1285T28VW2&pf_rd_s=center-1&pf_rd_t=15506&pf_rd_i=top&ref_=chttp_tt_3",1974,"990460",9
"The Dark Knight","Christopher Nolan (dir.), Christian Bale, Heath Ledger","http://www.imdb.com/title/tt0468569/?pf_rd_m=A2FGELUUNOQJNL&pf_rd_p=e31d89dd-322d-4646-8962-327b42fe94b1&pf_rd_r=R89VPNE1JV1285T28VW2&pf_rd_s=center-1&pf_rd_t=15506&pf_rd_i=top&ref_=chttp_tt_4",2008,"2045189",9
"Avengers: Endgame","Anthony Russo (dir.), Robert Downey Jr., Chris Evans","http://www.imdb.com/title/tt4154796/?pf_rd_m=A2FGELUUNOQJNL&pf_rd_p=e31d89dd-322d-4646-8962-327b42fe94b1&pf_rd_r=R89VPNE1JV1285T28VW2&pf_rd_s=center-1&pf_rd_t=15506&pf_rd_i=top&ref_=chttp_tt_5",2019,"178162",8.9
"12 Angry Men","Sidney Lumet (dir.), Henry Fonda, Lee J. Cobb","http://www.imdb.com/title/tt0050083/?pf_rd_m=A2FGELUUNOQJNL&pf_rd_p=e31d89dd-322d-4646-8962-327b42fe94b1&pf_rd_r=R89VPNE1JV1285T28VW2&pf_rd_s=center-1&pf_rd_t=15506&pf_rd_i=top&ref_=chttp_tt_6",1957,"587844",8.9
"Schindler's List","Steven Spielberg (dir.), Liam Neeson, Ralph Fiennes","http://www.imdb.com/title/tt0108052/?pf_rd_m=A2FGELUUNOQJNL&pf_rd_p=e31d89dd-322d-4646-8962-327b42fe94b1&pf_rd_r=R89VPNE1JV1285T28VW2&pf_rd_s=center-1&pf_rd_t=15506&pf_rd_i=top&ref_=chttp_tt_7",1993,"1077532",8.9
"The Lord of the Rings: The Return of the King","Peter Jackson (dir.), Elijah Wood, Viggo Mortensen","http://www.imdb.com/title/tt0167260/?pf_rd_m=A2FGELUUNOQJNL&pf_rd_p=e31d89dd-322d-4646-8962-327b42fe94b1&pf_rd_r=R89VPNE1JV1285T28VW2&pf_rd_s=center-1&pf_rd_t=15506&pf_rd_i=top&ref_=chttp_tt_8",2003,"1479764",8.9
"Pulp Fiction","Quentin Tarantino (dir.), John Travolta, Uma Thurman","http://www.imdb.com/title/tt0110912/?pf_rd_m=A2FGELUUNOQJNL&pf_rd_p=e31d89dd-322d-4646-8962-327b42fe94b1&pf_rd_r=R89VPNE1JV1285T28VW2&pf_rd_s=center-1&pf_rd_t=15506&pf_rd_i=top&ref_=chttp_tt_9",1994,"1625636",8.9
"Il buono, il brutto, il cattivo","Sergio Leone (dir.), Clint Eastwood, Eli Wallach","http://www.imdb.com/title/tt0060196/?pf_rd_m=A2FGELUUNOQJNL&pf_rd_p=e31d89dd-322d-4646-8962-327b42fe94b1&pf_rd_r=R89VPNE1JV1285T28VW2&pf_rd_s=center-1&pf_rd_t=15506&pf_rd_i=top&ref_=chttp_tt_10",1966,"617116",8.8
"Fight Club","David Fincher (dir.), Brad Pitt, Edward Norton","http://www.imdb.com/title/tt0137523/?pf_rd_m=A2FGELUUNOQJNL&pf_rd_p=e31d89dd-322d-4646-8962-327b42fe94b1&pf_rd_r=R89VPNE1JV1285T28VW2&pf_rd_s=center-1&pf_rd_t=15506&pf_rd_i=top&ref_=chttp_tt_11",1999,"1663087",8.8
"The Lord of the Rings: The Fellowship of the Ring","Peter Jackson (dir.), Elijah Wood, Ian McKellen","http://www.imdb.com/title/tt0120737/?pf_rd_m=A2FGELUUNOQJNL&pf_rd_p=e31d89dd-322d-4646-8962-327b42fe94b1&pf_rd_r=R89VPNE1JV1285T28VW2&pf_rd_s=center-1&pf_rd_t=15506&pf_rd_i=top&ref_=chttp_tt_12",2001,"1496198",8.8
"Forrest Gump","Robert Zemeckis (dir.), Tom Hanks, Robin Wright","http://www.imdb.com/title/tt0109830/?pf_rd_m=A2FGELUUNOQJNL&pf_rd_p=e31d89dd-322d-4646-8962-327b42fe94b1&pf_rd_r=R89VPNE1JV1285T28VW2&pf_rd_s=center-1&pf_rd_t=15506&pf_rd_i=top&ref_=chttp_tt_13",1994,"1594094",8.7
"Star Wars: Episode V - The Empire Strikes Back","Irvin Kershner (dir.), Mark Hamill, Harrison Ford","http://www.imdb.com/title/tt0080684/?pf_rd_m=A2FGELUUNOQJNL&pf_rd_p=e31d89dd-322d-4646-8962-327b42fe94b1&pf_rd_r=R89VPNE1JV1285T28VW2&pf_rd_s=center-1&pf_rd_t=15506&pf_rd_i=top&ref_=chttp_tt_14",1980,"1043018",8.7
"Inception","Christopher Nolan (dir.), Leonardo DiCaprio, Joseph Gordon-Levitt","http://www.imdb.com/title/tt1375666/?pf_rd_m=A2FGELUUNOQJNL&pf_rd_p=e31d89dd-322d-4646-8962-327b42fe94b1&pf_rd_r=R89VPNE1JV1285T28VW2&pf_rd_s=center-1&pf_rd_t=15506&pf_rd_i=top&ref_=chttp_tt_15",2010,"1822289",8.7
"The Lord of the Rings: The Two Towers","Peter Jackson (dir.), Elijah Wood, Ian McKellen","http://www.imdb.com/title/tt0167261/?pf_rd_m=A2FGELUUNOQJNL&pf_rd_p=e31d89dd-322d-4646-8962-327b42fe94b1&pf_rd_r=R89VPNE1JV1285T28VW2&pf_rd_s=center-1&pf_rd_t=15506&pf_rd_i=top&ref_=chttp_tt_16",2002,"1338209",8.7
"One Flew Over the Cuckoo's Nest","Milos Forman (dir.), Jack Nicholson, Louise Fletcher","http://www.imdb.com/title/tt0073486/?pf_rd_m=A2FGELUUNOQJNL&pf_rd_p=e31d89dd-322d-4646-8962-327b42fe94b1&pf_rd_r=R89VPNE1JV1285T28VW2&pf_rd_s=center-1&pf_rd_t=15506&pf_rd_i=top&ref_=chttp_tt_17",1975,"824499",8.7
"Goodfellas","Martin Scorsese (dir.), Robert De Niro, Ray Liotta","http://www.imdb.com/title/tt0099685/?pf_rd_m=A2FGELUUNOQJNL&pf_rd_p=e31d89dd-322d-4646-8962-327b42fe94b1&pf_rd_r=R89VPNE1JV1285T28VW2&pf_rd_s=center-1&pf_rd_t=15506&pf_rd_i=top&ref_=chttp_tt_18",1990,"897614",8.7
"The Matrix","Lana Wachowski (dir.), Keanu Reeves, Laurence Fishburne","http://www.imdb.com/title/tt0133093/?pf_rd_m=A2FGELUUNOQJNL&pf_rd_p=e31d89dd-322d-4646-8962-327b42fe94b1&pf_rd_r=R89VPNE1JV1285T28VW2&pf_rd_s=center-1&pf_rd_t=15506&pf_rd_i=top&ref_=chttp_tt_19",1999,"1493244",8.6
"Shichinin no samurai","Akira Kurosawa (dir.), Toshirô Mifune, Takashi Shimura","http://www.imdb.com/title/tt0047478/?pf_rd_m=A2FGELUUNOQJNL&pf_rd_p=e31d89dd-322d-4646-8962-327b42fe94b1&pf_rd_r=R89VPNE1JV1285T28VW2&pf_rd_s=center-1&pf_rd_t=15506&pf_rd_i=top&ref_=chttp_tt_20",1954,"280924",8.6
"Se7en","David Fincher (dir.), Morgan Freeman, Brad Pitt","http://www.imdb.com/title/tt0114369/?pf_rd_m=A2FGELUUNOQJNL&pf_rd_p=e31d89dd-322d-4646-8962-327b42fe94b1&pf_rd_r=R89VPNE1JV1285T28VW2&pf_rd_s=center-1&pf_rd_t=15506&pf_rd_i=top&ref_=chttp_tt_21",1995,"1275303",8.6
"Cidade de Deus","Fernando Meirelles (dir.), Alexandre Rodrigues, Leandro Firmino","http://www.imdb.com/title/tt0317248/?pf_rd_m=A2FGELUUNOQJNL&pf_rd_p=e31d89dd-322d-4646-8962-327b42fe94b1&pf_rd_r=R89VPNE1JV1285T28VW2&pf_rd_s=center-1&pf_rd_t=15506&pf_rd_i=top&ref_=chttp_tt_22",2002,"639298",8.6
"Star Wars","George Lucas (dir.), Mark Hamill, Harrison Ford","http://www.imdb.com/title/tt0076759/?pf_rd_m=A2FGELUUNOQJNL&pf_rd_p=e31d89dd-322d-4646-8962-327b42fe94b1&pf_rd_r=R89VPNE1JV1285T28VW2&pf_rd_s=center-1&pf_rd_t=15506&pf_rd_i=top&ref_=chttp_tt_23",1977,"1112598",8.6
"The Silence of the Lambs","Jonathan Demme (dir.), Jodie Foster, Anthony Hopkins","http://www.imdb.com/title/tt0102926/?pf_rd_m=A2FGELUUNOQJNL&pf_rd_p=e31d89dd-322d-4646-8962-327b42fe94b1&pf_rd_r=R89VPNE1JV1285T28VW2&pf_rd_s=center-1&pf_rd_t=15506&pf_rd_i=top&ref_=chttp_tt_24",1991,"1122333",8.6
"It's a Wonderful Life","Frank Capra (dir.), James Stewart, Donna Reed","http://www.imdb.com/title/tt0038650/?pf_rd_m=A2FGELUUNOQJNL&pf_rd_p=e31d89dd-322d-4646-8962-327b42fe94b1&pf_rd_r=R89VPNE1JV1285T28VW2&pf_rd_s=center-1&pf_rd_t=15506&pf_rd_i=top&ref_=chttp_tt_25",1946,"353894",8.6
"La vita è bella","Roberto Benigni (dir.), Roberto Benigni, Nicoletta Braschi","http://www.imdb.com/title/tt0118799/?pf_rd_m=A2FGELUUNOQJNL&pf_rd_p=e31d89dd-322d-4646-8962-327b42fe94b1&pf_rd_r=R89VPNE1JV1285T28VW2&pf_rd_s=center-1&pf_rd_t=15506&pf_rd_i=top&ref_=chttp_tt_26",1997,"547139",8.6
"Sen to Chihiro no kamikakushi","Hayao Miyazaki (dir.), Daveigh Chase, Suzanne Pleshette","http://www.imdb.com/title/tt0245429/?pf_rd_m=A2FGELUUNOQJNL&pf_rd_p=e31d89dd-322d-4646-8962-327b42fe94b1&pf_rd_r=R89VPNE1JV1285T28VW2&pf_rd_s=center-1&pf_rd_t=15506&pf_rd_i=top&ref_=chttp_tt_27",2001,"551283",8.5
"Saving Private Ryan","Steven Spielberg (dir.), Tom Hanks, Matt Damon","http://www.imdb.com/title/tt0120815/?pf_rd_m=A2FGELUUNOQJNL&pf_rd_p=e31d89dd-322d-4646-8962-327b42fe94b1&pf_rd_r=R89VPNE1JV1285T28VW2&pf_rd_s=center-1&pf_rd_t=15506&pf_rd_i=top&ref_=chttp_tt_28",1998,"1099519",8.5
"The Usual Suspects","Bryan Singer (dir.), Kevin Spacey, Gabriel Byrne","http://www.imdb.com/title/tt0114814/?pf_rd_m=A2FGELUUNOQJNL&pf_rd_p=e31d89dd-322d-4646-8962-327b42fe94b1&pf_rd_r=R89VPNE1JV1285T28VW2&pf_rd_s=center-1&pf_rd_t=15506&pf_rd_i=top&ref_=chttp_tt_29",1995,"899785",8.5
"Léon","Luc Besson (dir.), Jean Reno, Gary Oldman","http://www.imdb.com/title/tt0110413/?pf_rd_m=A2FGELUUNOQJNL&pf_rd_p=e31d89dd-322d-4646-8962-327b42fe94b1&pf_rd_r=R89VPNE1JV1285T28VW2&pf_rd_s=center-1&pf_rd_t=15506&pf_rd_i=top&ref_=chttp_tt_30",1994,"916121",8.5
"The Green Mile","Frank Darabont (dir.), Tom Hanks, Michael Clarke Duncan","http://www.imdb.com/title/tt0120689/?pf_rd_m=A2FGELUUNOQJNL&pf_rd_p=e31d89dd-322d-4646-8962-327b42fe94b1&pf_rd_r=R89VPNE1JV1285T28VW2&pf_rd_s=center-1&pf_rd_t=15506&pf_rd_i=top&ref_=chttp_tt_31",1999,"1004275",8.5
"Interstellar","Christopher Nolan (dir.), Matthew McConaughey, Anne Hathaway","http://www.imdb.com/title/tt0816692/?pf_rd_m=A2FGELUUNOQJNL&pf_rd_p=e31d89dd-322d-4646-8962-327b42fe94b1&pf_rd_r=R89VPNE1JV1285T28VW2&pf_rd_s=center-1&pf_rd_t=15506&pf_rd_i=top&ref_=chttp_tt_32",2014,"1281783",8.5
"Psycho","Alfred Hitchcock (dir.), Anthony Perkins, Janet Leigh","http://www.imdb.com/title/tt0054215/?pf_rd_m=A2FGELUUNOQJNL&pf_rd_p=e31d89dd-322d-4646-8962-327b42fe94b1&pf_rd_r=R89VPNE1JV1285T28VW2&pf_rd_s=center-1&pf_rd_t=15506&pf_rd_i=top&ref_=chttp_tt_33",1960,"532492",8.5
"American History X","Tony Kaye (dir.), Edward Norton, Edward Furlong","http://www.imdb.com/title/tt0120586/?pf_rd_m=A2FGELUUNOQJNL&pf_rd_p=e31d89dd-322d-4646-8962-327b42fe94b1&pf_rd_r=R89VPNE1JV1285T28VW2&pf_rd_s=center-1&pf_rd_t=15506&pf_rd_i=top&ref_=chttp_tt_34",1998,"944200",8.5
"City Lights","Charles Chaplin (dir.), Charles Chaplin, Virginia Cherrill","http://www.imdb.com/title/tt0021749/?pf_rd_m=A2FGELUUNOQJNL&pf_rd_p=e31d89dd-322d-4646-8962-327b42fe94b1&pf_rd_r=R89VPNE1JV1285T28VW2&pf_rd_s=center-1&pf_rd_t=15506&pf_rd_i=top&ref_=chttp_tt_35",1931,"145110",8.5
"Casablanca","Michael Curtiz (dir.), Humphrey Bogart, Ingrid Bergman","http://www.imdb.com/title/tt0034583/?pf_rd_m=A2FGELUUNOQJNL&pf_rd_p=e31d89dd-322d-4646-8962-327b42fe94b1&pf_rd_r=R89VPNE1JV1285T28VW2&pf_rd_s=center-1&pf_rd_t=15506&pf_rd_i=top&ref_=chttp_tt_36",1942,"472479",8.5
"Once Upon a Time in the West","Sergio Leone (dir.), Henry Fonda, Charles Bronson","http://www.imdb.com/title/tt0064116/?pf_rd_m=A2FGELUUNOQJNL&pf_rd_p=e31d89dd-322d-4646-8962-327b42fe94b1&pf_rd_r=R89VPNE1JV1285T28VW2&pf_rd_s=center-1&pf_rd_t=15506&pf_rd_i=top&ref_=chttp_tt_37",1968,"268918",8.5
"The Pianist","Roman Polanski (dir.), Adrien Brody, Thomas Kretschmann","http://www.imdb.com/title/tt0253474/?pf_rd_m=A2FGELUUNOQJNL&pf_rd_p=e31d89dd-322d-4646-8962-327b42fe94b1&pf_rd_r=R89VPNE1JV1285T28VW2&pf_rd_s=center-1&pf_rd_t=15506&pf_rd_i=top&ref_=chttp_tt_38",2002,"635825",8.5
"Modern Times","Charles Chaplin (dir.), Charles Chaplin, Paulette Goddard","http://www.imdb.com/title/tt0027977/?pf_rd_m=A2FGELUUNOQJNL&pf_rd_p=e31d89dd-322d-4646-8962-327b42fe94b1&pf_rd_r=R89VPNE1JV1285T28VW2&pf_rd_s=center-1&pf_rd_t=15506&pf_rd_i=top&ref_=chttp_tt_39",1936,"188105",8.5
"The Intouchables","Olivier Nakache (dir.), François Cluzet, Omar Sy","http://www.imdb.com/title/tt1675434/?pf_rd_m=A2FGELUUNOQJNL&pf_rd_p=e31d89dd-322d-4646-8962-327b42fe94b1&pf_rd_r=R89VPNE1JV1285T28VW2&pf_rd_s=center-1&pf_rd_t=15506&pf_rd_i=top&ref_=chttp_tt_40",2011,"668734",8.5
"The Departed","Martin Scorsese (dir.), Leonardo DiCaprio, Matt Damon","http://www.imdb.com/title/tt0407887/?pf_rd_m=A2FGELUUNOQJNL&pf_rd_p=e31d89dd-322d-4646-8962-327b42fe94b1&pf_rd_r=R89VPNE1JV1285T28VW2&pf_rd_s=center-1&pf_rd_t=15506&pf_rd_i=top&ref_=chttp_tt_41",2006,"1066752",8.5
"Back to the Future","Robert Zemeckis (dir.), Michael J. Fox, Christopher Lloyd","http://www.imdb.com/title/tt0088763/?pf_rd_m=A2FGELUUNOQJNL&pf_rd_p=e31d89dd-322d-4646-8962-327b42fe94b1&pf_rd_r=R89VPNE1JV1285T28VW2&pf_rd_s=center-1&pf_rd_t=15506&pf_rd_i=top&ref_=chttp_tt_42",1985,"926127",8.5
"Terminator 2: Judgment Day","James Cameron (dir.), Arnold Schwarzenegger, Linda Hamilton","http://www.imdb.com/title/tt0103064/?pf_rd_m=A2FGELUUNOQJNL&pf_rd_p=e31d89dd-322d-4646-8962-327b42fe94b1&pf_rd_r=R89VPNE1JV1285T28VW2&pf_rd_s=center-1&pf_rd_t=15506&pf_rd_i=top&ref_=chttp_tt_43",1991,"899925",8.5
"Whiplash","Damien Chazelle (dir.), Miles Teller, J.K. Simmons","http://www.imdb.com/title/tt2582802/?pf_rd_m=A2FGELUUNOQJNL&pf_rd_p=e31d89dd-322d-4646-8962-327b42fe94b1&pf_rd_r=R89VPNE1JV1285T28VW2&pf_rd_s=center-1&pf_rd_t=15506&pf_rd_i=top&ref_=chttp_tt_44",2014,"607791",8.5
"The Lion King","Roger Allers (dir.), Matthew Broderick, Jeremy Irons","http://www.imdb.com/title/tt0110357/?pf_rd_m=A2FGELUUNOQJNL&pf_rd_p=e31d89dd-322d-4646-8962-327b42fe94b1&pf_rd_r=R89VPNE1JV1285T28VW2&pf_rd_s=center-1&pf_rd_t=15506&pf_rd_i=top&ref_=chttp_tt_45",1994,"825960",8.5
"Rear Window","Alfred Hitchcock (dir.), James Stewart, Grace Kelly","http://www.imdb.com/title/tt0047396/?pf_rd_m=A2FGELUUNOQJNL&pf_rd_p=e31d89dd-322d-4646-8962-327b42fe94b1&pf_rd_r=R89VPNE1JV1285T28VW2&pf_rd_s=center-1&pf_rd_t=15506&pf_rd_i=top&ref_=chttp_tt_46",1954,"395288",8.5
"Raiders of the Lost Ark","Steven Spielberg (dir.), Harrison Ford, Karen Allen","http://www.imdb.com/title/tt0082971/?pf_rd_m=A2FGELUUNOQJNL&pf_rd_p=e31d89dd-322d-4646-8962-327b42fe94b1&pf_rd_r=R89VPNE1JV1285T28VW2&pf_rd_s=center-1&pf_rd_t=15506&pf_rd_i=top&ref_=chttp_tt_47",1981,"805173",8.5
"Gladiator","Ridley Scott (dir.), Russell Crowe, Joaquin Phoenix","http://www.imdb.com/title/tt0172495/?pf_rd_m=A2FGELUUNOQJNL&pf_rd_p=e31d89dd-322d-4646-8962-327b42fe94b1&pf_rd_r=R89VPNE1JV1285T28VW2&pf_rd_s=center-1&pf_rd_t=15506&pf_rd_i=top&ref_=chttp_tt_48",2000,"1201457",8.5
"The Prestige","Christopher Nolan (dir.), Christian Bale, Hugh Jackman","http://www.imdb.com/title/tt0482571/?pf_rd_m=A2FGELUUNOQJNL&pf_rd_p=e31d89dd-322d-4646-8962-327b42fe94b1&pf_rd_r=R89VPNE1JV1285T28VW2&pf_rd_s=center-1&pf_rd_t=15506&pf_rd_i=top&ref_=chttp_tt_49",2006,"1055642",8.5
"Apocalypse Now","Francis Ford Coppola (dir.), Martin Sheen, Marlon Brando","http://www.imdb.com/title/tt0078788/?pf_rd_m=A2FGELUUNOQJNL&pf_rd_p=e31d89dd-322d-4646-8962-327b42fe94b1&pf_rd_r=R89VPNE1JV1285T28VW2&pf_rd_s=center-1&pf_rd_t=15506&pf_rd_i=top&ref_=chttp_tt_50",1979,"543767",8.4
"Memento","Christopher Nolan (dir.), Guy Pearce, Carrie-Anne Moss","http://www.imdb.com/title/tt0209144/?pf_rd_m=A2FGELUUNOQJNL&pf_rd_p=e31d89dd-322d-4646-8962-327b42fe94b1&pf_rd_r=R89VPNE1JV1285T28VW2&pf_rd_s=center-1&pf_rd_t=15506&pf_rd_i=top&ref_=chttp_tt_51",2000,"1023698",8.4
"Spider-Man: Into the Spider-Verse","Bob Persichetti (dir.), Shameik Moore, Jake Johnson","http://www.imdb.com/title/tt4633694/?pf_rd_m=A2FGELUUNOQJNL&pf_rd_p=e31d89dd-322d-4646-8962-327b42fe94b1&pf_rd_r=R89VPNE1JV1285T28VW2&pf_rd_s=center-1&pf_rd_t=15506&pf_rd_i=top&ref_=chttp_tt_52",2018,"185575",8.4
"Alien","Ridley Scott (dir.), Sigourney Weaver, Tom Skerritt","http://www.imdb.com/title/tt0078748/?pf_rd_m=A2FGELUUNOQJNL&pf_rd_p=e31d89dd-322d-4646-8962-327b42fe94b1&pf_rd_r=R89VPNE1JV1285T28VW2&pf_rd_s=center-1&pf_rd_t=15506&pf_rd_i=top&ref_=chttp_tt_53",1979,"707512",8.4
"Hotaru no haka","Isao Takahata (dir.), Tsutomu Tatsumi, Ayano Shiraishi","http://www.imdb.com/title/tt0095327/?pf_rd_m=A2FGELUUNOQJNL&pf_rd_p=e31d89dd-322d-4646-8962-327b42fe94b1&pf_rd_r=R89VPNE1JV1285T28VW2&pf_rd_s=center-1&pf_rd_t=15506&pf_rd_i=top&ref_=chttp_tt_54",1988,"193630",8.4
"Nuovo Cinema Paradiso","Giuseppe Tornatore (dir.), Philippe Noiret, Enzo Cannavale","http://www.imdb.com/title/tt0095765/?pf_rd_m=A2FGELUUNOQJNL&pf_rd_p=e31d89dd-322d-4646-8962-327b42fe94b1&pf_rd_r=R89VPNE1JV1285T28VW2&pf_rd_s=center-1&pf_rd_t=15506&pf_rd_i=top&ref_=chttp_tt_55",1988,"199123",8.4
"The Great Dictator","Charles Chaplin (dir.), Charles Chaplin, Paulette Goddard","http://www.imdb.com/title/tt0032553/?pf_rd_m=A2FGELUUNOQJNL&pf_rd_p=e31d89dd-322d-4646-8962-327b42fe94b1&pf_rd_r=R89VPNE1JV1285T28VW2&pf_rd_s=center-1&pf_rd_t=15506&pf_rd_i=top&ref_=chttp_tt_56",1940,"178470",8.4
"Sunset Blvd.","Billy Wilder (dir.), William Holden, Gloria Swanson","http://www.imdb.com/title/tt0043014/?pf_rd_m=A2FGELUUNOQJNL&pf_rd_p=e31d89dd-322d-4646-8962-327b42fe94b1&pf_rd_r=R89VPNE1JV1285T28VW2&pf_rd_s=center-1&pf_rd_t=15506&pf_rd_i=top&ref_=chttp_tt_57",1950,"177327",8.4
"The Lives of Others","Florian Henckel von Donnersmarck (dir.), Ulrich Mühe, Martina Gedeck","http://www.imdb.com/title/tt0405094/?pf_rd_m=A2FGELUUNOQJNL&pf_rd_p=e31d89dd-322d-4646-8962-327b42fe94b1&pf_rd_r=R89VPNE1JV1285T28VW2&pf_rd_s=center-1&pf_rd_t=15506&pf_rd_i=top&ref_=chttp_tt_58",2006,"320086",8.4
"Dr. Strangelove or: How I Learned to Stop Worrying and Love the Bomb","Stanley Kubrick (dir.), Peter Sellers, George C. Scott","http://www.imdb.com/title/tt0057012/?pf_rd_m=A2FGELUUNOQJNL&pf_rd_p=e31d89dd-322d-4646-8962-327b42fe94b1&pf_rd_r=R89VPNE1JV1285T28VW2&pf_rd_s=center-1&pf_rd_t=15506&pf_rd_i=top&ref_=chttp_tt_59",1964,"411766",8.4
"Avengers: Infinity War","Anthony Russo (dir.), Robert Downey Jr., Chris Hemsworth","http://www.imdb.com/title/tt4154756/?pf_rd_m=A2FGELUUNOQJNL&pf_rd_p=e31d89dd-322d-4646-8962-327b42fe94b1&pf_rd_r=R89VPNE1JV1285T28VW2&pf_rd_s=center-1&pf_rd_t=15506&pf_rd_i=top&ref_=chttp_tt_60",2018,"631758",8.4
"Paths of Glory","Stanley Kubrick (dir.), Kirk Douglas, Ralph Meeker","http://www.imdb.com/title/tt0050825/?pf_rd_m=A2FGELUUNOQJNL&pf_rd_p=e31d89dd-322d-4646-8962-327b42fe94b1&pf_rd_r=R89VPNE1JV1285T28VW2&pf_rd_s=center-1&pf_rd_t=15506&pf_rd_i=top&ref_=chttp_tt_61",1957,"154564",8.4
"Django Unchained","Quentin Tarantino (dir.), Jamie Foxx, Christoph Waltz","http://www.imdb.com/title/tt1853728/?pf_rd_m=A2FGELUUNOQJNL&pf_rd_p=e31d89dd-322d-4646-8962-327b42fe94b1&pf_rd_r=R89VPNE1JV1285T28VW2&pf_rd_s=center-1&pf_rd_t=15506&pf_rd_i=top&ref_=chttp_tt_62",2012,"1199209",8.4
"The Shining","Stanley Kubrick (dir.), Jack Nicholson, Shelley Duvall","http://www.imdb.com/title/tt0081505/?pf_rd_m=A2FGELUUNOQJNL&pf_rd_p=e31d89dd-322d-4646-8962-327b42fe94b1&pf_rd_r=R89VPNE1JV1285T28VW2&pf_rd_s=center-1&pf_rd_t=15506&pf_rd_i=top&ref_=chttp_tt_63",1980,"773635",8.4
"WALL·E","Andrew Stanton (dir.), Ben Burtt, Elissa Knight","http://www.imdb.com/title/tt0910970/?pf_rd_m=A2FGELUUNOQJNL&pf_rd_p=e31d89dd-322d-4646-8962-327b42fe94b1&pf_rd_r=R89VPNE1JV1285T28VW2&pf_rd_s=center-1&pf_rd_t=15506&pf_rd_i=top&ref_=chttp_tt_64",2008,"897803",8.4
"Mononoke-hime","Hayao Miyazaki (dir.), Yôji Matsuda, Yuriko Ishida","http://www.imdb.com/title/tt0119698/?pf_rd_m=A2FGELUUNOQJNL&pf_rd_p=e31d89dd-322d-4646-8962-327b42fe94b1&pf_rd_r=R89VPNE1JV1285T28VW2&pf_rd_s=center-1&pf_rd_t=15506&pf_rd_i=top&ref_=chttp_tt_65",1997,"291254",8.4
"Witness for the Prosecution","Billy Wilder (dir.), Tyrone Power, Marlene Dietrich","http://www.imdb.com/title/tt0051201/?pf_rd_m=A2FGELUUNOQJNL&pf_rd_p=e31d89dd-322d-4646-8962-327b42fe94b1&pf_rd_r=R89VPNE1JV1285T28VW2&pf_rd_s=center-1&pf_rd_t=15506&pf_rd_i=top&ref_=chttp_tt_66",1957,"90552",8.4
"Oldeuboi","Chan-wook Park (dir.), Min-sik Choi, Ji-tae Yu","http://www.imdb.com/title/tt0364569/?pf_rd_m=A2FGELUUNOQJNL&pf_rd_p=e31d89dd-322d-4646-8962-327b42fe94b1&pf_rd_r=R89VPNE1JV1285T28VW2&pf_rd_s=center-1&pf_rd_t=15506&pf_rd_i=top&ref_=chttp_tt_67",2003,"454378",8.3
"Aliens","James Cameron (dir.), Sigourney Weaver, Michael Biehn","http://www.imdb.com/title/tt0090605/?pf_rd_m=A2FGELUUNOQJNL&pf_rd_p=e31d89dd-322d-4646-8962-327b42fe94b1&pf_rd_r=R89VPNE1JV1285T28VW2&pf_rd_s=center-1&pf_rd_t=15506&pf_rd_i=top&ref_=chttp_tt_68",1986,"595921",8.3
"The Dark Knight Rises","Christopher Nolan (dir.), Christian Bale, Tom Hardy","http://www.imdb.com/title/tt1345836/?pf_rd_m=A2FGELUUNOQJNL&pf_rd_p=e31d89dd-322d-4646-8962-327b42fe94b1&pf_rd_r=R89VPNE1JV1285T28VW2&pf_rd_s=center-1&pf_rd_t=15506&pf_rd_i=top&ref_=chttp_tt_69",2012,"1375735",8.3
"American Beauty","Sam Mendes (dir.), Kevin Spacey, Annette Bening","http://www.imdb.com/title/tt0169547/?pf_rd_m=A2FGELUUNOQJNL&pf_rd_p=e31d89dd-322d-4646-8962-327b42fe94b1&pf_rd_r=R89VPNE1JV1285T28VW2&pf_rd_s=center-1&pf_rd_t=15506&pf_rd_i=top&ref_=chttp_tt_70",1999,"983932",8.3
"Once Upon a Time in America","Sergio Leone (dir.), Robert De Niro, James Woods","http://www.imdb.com/title/tt0087843/?pf_rd_m=A2FGELUUNOQJNL&pf_rd_p=e31d89dd-322d-4646-8962-327b42fe94b1&pf_rd_r=R89VPNE1JV1285T28VW2&pf_rd_s=center-1&pf_rd_t=15506&pf_rd_i=top&ref_=chttp_tt_71",1984,"274625",8.3
"Coco","Lee Unkrich (dir.), Anthony Gonzalez, Gael García Bernal","http://www.imdb.com/title/tt2380307/?pf_rd_m=A2FGELUUNOQJNL&pf_rd_p=e31d89dd-322d-4646-8962-327b42fe94b1&pf_rd_r=R89VPNE1JV1285T28VW2&pf_rd_s=center-1&pf_rd_t=15506&pf_rd_i=top&ref_=chttp_tt_72",2017,"268484",8.3
"Das Boot","Wolfgang Petersen (dir.), Jürgen Prochnow, Herbert Grönemeyer","http://www.imdb.com/title/tt0082096/?pf_rd_m=A2FGELUUNOQJNL&pf_rd_p=e31d89dd-322d-4646-8962-327b42fe94b1&pf_rd_r=R89VPNE1JV1285T28VW2&pf_rd_s=center-1&pf_rd_t=15506&pf_rd_i=top&ref_=chttp_tt_73",1981,"207647",8.3
"Citizen Kane","Orson Welles (dir.), Orson Welles, Joseph Cotten","http://www.imdb.com/title/tt0033467/?pf_rd_m=A2FGELUUNOQJNL&pf_rd_p=e31d89dd-322d-4646-8962-327b42fe94b1&pf_rd_r=R89VPNE1JV1285T28VW2&pf_rd_s=center-1&pf_rd_t=15506&pf_rd_i=top&ref_=chttp_tt_74",1941,"360739",8.3
"Braveheart","Mel Gibson (dir.), Mel Gibson, Sophie Marceau","http://www.imdb.com/title/tt0112573/?pf_rd_m=A2FGELUUNOQJNL&pf_rd_p=e31d89dd-322d-4646-8962-327b42fe94b1&pf_rd_r=R89VPNE1JV1285T28VW2&pf_rd_s=center-1&pf_rd_t=15506&pf_rd_i=top&ref_=chttp_tt_75",1995,"885206",8.3
"Vertigo","Alfred Hitchcock (dir.), James Stewart, Kim Novak","http://www.imdb.com/title/tt0052357/?pf_rd_m=A2FGELUUNOQJNL&pf_rd_p=e31d89dd-322d-4646-8962-327b42fe94b1&pf_rd_r=R89VPNE1JV1285T28VW2&pf_rd_s=center-1&pf_rd_t=15506&pf_rd_i=top&ref_=chttp_tt_76",1958,"317430",8.3
"North by Northwest","Alfred Hitchcock (dir.), Cary Grant, Eva Marie Saint","http://www.imdb.com/title/tt0053125/?pf_rd_m=A2FGELUUNOQJNL&pf_rd_p=e31d89dd-322d-4646-8962-327b42fe94b1&pf_rd_r=R89VPNE1JV1285T28VW2&pf_rd_s=center-1&pf_rd_t=15506&pf_rd_i=top&ref_=chttp_tt_77",1959,"269463",8.3
"Reservoir Dogs","Quentin Tarantino (dir.), Harvey Keitel, Tim Roth","http://www.imdb.com/title/tt0105236/?pf_rd_m=A2FGELUUNOQJNL&pf_rd_p=e31d89dd-322d-4646-8962-327b42fe94b1&pf_rd_r=R89VPNE1JV1285T28VW2&pf_rd_s=center-1&pf_rd_t=15506&pf_rd_i=top&ref_=chttp_tt_78",1992,"816331",8.3
"Kimi no na wa.","Makoto Shinkai (dir.), Ryûnosuke Kamiki, Mone Kamishiraishi","http://www.imdb.com/title/tt5311514/?pf_rd_m=A2FGELUUNOQJNL&pf_rd_p=e31d89dd-322d-4646-8962-327b42fe94b1&pf_rd_r=R89VPNE1JV1285T28VW2&pf_rd_s=center-1&pf_rd_t=15506&pf_rd_i=top&ref_=chttp_tt_79",2016,"129868",8.3
"Star Wars: Episode VI - Return of the Jedi","Richard Marquand (dir.), Mark Hamill, Harrison Ford","http://www.imdb.com/title/tt0086190/?pf_rd_m=A2FGELUUNOQJNL&pf_rd_p=e31d89dd-322d-4646-8962-327b42fe94b1&pf_rd_r=R89VPNE1JV1285T28VW2&pf_rd_s=center-1&pf_rd_t=15506&pf_rd_i=top&ref_=chttp_tt_80",1983,"854584",8.3
"M - Eine Stadt sucht einen Mörder","Fritz Lang (dir.), Peter Lorre, Ellen Widmann","http://www.imdb.com/title/tt0022100/?pf_rd_m=A2FGELUUNOQJNL&pf_rd_p=e31d89dd-322d-4646-8962-327b42fe94b1&pf_rd_r=R89VPNE1JV1285T28VW2&pf_rd_s=center-1&pf_rd_t=15506&pf_rd_i=top&ref_=chttp_tt_81",1931,"126226",8.3
"Amadeus","Milos Forman (dir.), F. Murray Abraham, Tom Hulce","http://www.imdb.com/title/tt0086879/?pf_rd_m=A2FGELUUNOQJNL&pf_rd_p=e31d89dd-322d-4646-8962-327b42fe94b1&pf_rd_r=R89VPNE1JV1285T28VW2&pf_rd_s=center-1&pf_rd_t=15506&pf_rd_i=top&ref_=chttp_tt_82",1984,"334011",8.3
"Requiem for a Dream","Darren Aronofsky (dir.), Ellen Burstyn, Jared Leto","http://www.imdb.com/title/tt0180093/?pf_rd_m=A2FGELUUNOQJNL&pf_rd_p=e31d89dd-322d-4646-8962-327b42fe94b1&pf_rd_r=R89VPNE1JV1285T28VW2&pf_rd_s=center-1&pf_rd_t=15506&pf_rd_i=top&ref_=chttp_tt_83",2000,"694936",8.3
"Dangal","Nitesh Tiwari (dir.), Aamir Khan, Sakshi Tanwar","http://www.imdb.com/title/tt5074352/?pf_rd_m=A2FGELUUNOQJNL&pf_rd_p=e31d89dd-322d-4646-8962-327b42fe94b1&pf_rd_r=R89VPNE1JV1285T28VW2&pf_rd_s=center-1&pf_rd_t=15506&pf_rd_i=top&ref_=chttp_tt_84",2016,"119445",8.3
"3 Idiots","Rajkumar Hirani (dir.), Aamir Khan, Madhavan","http://www.imdb.com/title/tt1187043/?pf_rd_m=A2FGELUUNOQJNL&pf_rd_p=e31d89dd-322d-4646-8962-327b42fe94b1&pf_rd_r=R89VPNE1JV1285T28VW2&pf_rd_s=center-1&pf_rd_t=15506&pf_rd_i=top&ref_=chttp_tt_85",2009,"296356",8.3
"2001: A Space Odyssey","Stanley Kubrick (dir.), Keir Dullea, Gary Lockwood","http://www.imdb.com/title/tt0062622/?pf_rd_m=A2FGELUUNOQJNL&pf_rd_p=e31d89dd-322d-4646-8962-327b42fe94b1&pf_rd_r=R89VPNE1JV1285T28VW2&pf_rd_s=center-1&pf_rd_t=15506&pf_rd_i=top&ref_=chttp_tt_86",1968,"537468",8.3
"Toy Story","John Lasseter (dir.), Tom Hanks, Tim Allen","http://www.imdb.com/title/tt0114709/?pf_rd_m=A2FGELUUNOQJNL&pf_rd_p=e31d89dd-322d-4646-8962-327b42fe94b1&pf_rd_r=R89VPNE1JV1285T28VW2&pf_rd_s=center-1&pf_rd_t=15506&pf_rd_i=top&ref_=chttp_tt_87",1995,"784698",8.3
"Taare Zameen Par","Aamir Khan (dir.), Darsheel Safary, Aamir Khan","http://www.imdb.com/title/tt0986264/?pf_rd_m=A2FGELUUNOQJNL&pf_rd_p=e31d89dd-322d-4646-8962-327b42fe94b1&pf_rd_r=R89VPNE1JV1285T28VW2&pf_rd_s=center-1&pf_rd_t=15506&pf_rd_i=top&ref_=chttp_tt_88",2007,"139284",8.3
"Eternal Sunshine of the Spotless Mind","Michel Gondry (dir.), Jim Carrey, Kate Winslet","http://www.imdb.com/title/tt0338013/?pf_rd_m=A2FGELUUNOQJNL&pf_rd_p=e31d89dd-322d-4646-8962-327b42fe94b1&pf_rd_r=R89VPNE1JV1285T28VW2&pf_rd_s=center-1&pf_rd_t=15506&pf_rd_i=top&ref_=chttp_tt_89",2004,"818650",8.3
"Lawrence of Arabia","David Lean (dir.), Peter O'Toole, Alec Guinness","http://www.imdb.com/title/tt0056172/?pf_rd_m=A2FGELUUNOQJNL&pf_rd_p=e31d89dd-322d-4646-8962-327b42fe94b1&pf_rd_r=R89VPNE1JV1285T28VW2&pf_rd_s=center-1&pf_rd_t=15506&pf_rd_i=top&ref_=chttp_tt_90",1962,"239894",8.3
"A Clockwork Orange","Stanley Kubrick (dir.), Malcolm McDowell, Patrick Magee","http://www.imdb.com/title/tt0066921/?pf_rd_m=A2FGELUUNOQJNL&pf_rd_p=e31d89dd-322d-4646-8962-327b42fe94b1&pf_rd_r=R89VPNE1JV1285T28VW2&pf_rd_s=center-1&pf_rd_t=15506&pf_rd_i=top&ref_=chttp_tt_91",1971,"683399",8.3
"Singin' in the Rain","Stanley Donen (dir.), Gene Kelly, Donald O'Connor","http://www.imdb.com/title/tt0045152/?pf_rd_m=A2FGELUUNOQJNL&pf_rd_p=e31d89dd-322d-4646-8962-327b42fe94b1&pf_rd_r=R89VPNE1JV1285T28VW2&pf_rd_s=center-1&pf_rd_t=15506&pf_rd_i=top&ref_=chttp_tt_92",1952,"194639",8.3
"Amélie","Jean-Pierre Jeunet (dir.), Audrey Tautou, Mathieu Kassovitz","http://www.imdb.com/title/tt0211915/?pf_rd_m=A2FGELUUNOQJNL&pf_rd_p=e31d89dd-322d-4646-8962-327b42fe94b1&pf_rd_r=R89VPNE1JV1285T28VW2&pf_rd_s=center-1&pf_rd_t=15506&pf_rd_i=top&ref_=chttp_tt_93",2001,"647333",8.3
"Double Indemnity","Billy Wilder (dir.), Fred MacMurray, Barbara Stanwyck","http://www.imdb.com/title/tt0036775/?pf_rd_m=A2FGELUUNOQJNL&pf_rd_p=e31d89dd-322d-4646-8962-327b42fe94b1&pf_rd_r=R89VPNE1JV1285T28VW2&pf_rd_s=center-1&pf_rd_t=15506&pf_rd_i=top&ref_=chttp_tt_94",1944,"126324",8.3
"Taxi Driver","Martin Scorsese (dir.), Robert De Niro, Jodie Foster","http://www.imdb.com/title/tt0075314/?pf_rd_m=A2FGELUUNOQJNL&pf_rd_p=e31d89dd-322d-4646-8962-327b42fe94b1&pf_rd_r=R89VPNE1JV1285T28VW2&pf_rd_s=center-1&pf_rd_t=15506&pf_rd_i=top&ref_=chttp_tt_95",1976,"631084",8.3
"Inglourious Basterds","Quentin Tarantino (dir.), Brad Pitt, Diane Kruger","http://www.imdb.com/title/tt0361748/?pf_rd_m=A2FGELUUNOQJNL&pf_rd_p=e31d89dd-322d-4646-8962-327b42fe94b1&pf_rd_r=R89VPNE1JV1285T28VW2&pf_rd_s=center-1&pf_rd_t=15506&pf_rd_i=top&ref_=chttp_tt_96",2009,"1109072",8.3
"Full Metal Jacket","Stanley Kubrick (dir.), Matthew Modine, R. Lee Ermey","http://www.imdb.com/title/tt0093058/?pf_rd_m=A2FGELUUNOQJNL&pf_rd_p=e31d89dd-322d-4646-8962-327b42fe94b1&pf_rd_r=R89VPNE1JV1285T28VW2&pf_rd_s=center-1&pf_rd_t=15506&pf_rd_i=top&ref_=chttp_tt_97",1987,"604114",8.3
"To Kill a Mockingbird","Robert Mulligan (dir.), Gregory Peck, John Megna","http://www.imdb.com/title/tt0056592/?pf_rd_m=A2FGELUUNOQJNL&pf_rd_p=e31d89dd-322d-4646-8962-327b42fe94b1&pf_rd_r=R89VPNE1JV1285T28VW2&pf_rd_s=center-1&pf_rd_t=15506&pf_rd_i=top&ref_=chttp_tt_98",1962,"269554",8.3
"Ladri di biciclette","Vittorio De Sica (dir.), Lamberto Maggiorani, Enzo Staiola","http://www.imdb.com/title/tt0040522/?pf_rd_m=A2FGELUUNOQJNL&pf_rd_p=e31d89dd-322d-4646-8962-327b42fe94b1&pf_rd_r=R89VPNE1JV1285T28VW2&pf_rd_s=center-1&pf_rd_t=15506&pf_rd_i=top&ref_=chttp_tt_99",1948,"125567",8.3
"The Kid","Charles Chaplin (dir.), Charles Chaplin, Edna Purviance","http://www.imdb.com/title/tt0012349/?pf_rd_m=A2FGELUUNOQJNL&pf_rd_p=e31d89dd-322d-4646-8962-327b42fe94b1&pf_rd_r=R89VPNE1JV1285T28VW2&pf_rd_s=center-1&pf_rd_t=15506&pf_rd_i=top&ref_=chttp_tt_100",1921,"95367",8.3
"Good Will Hunting","Gus Van Sant (dir.), Robin Williams, Matt Damon","http://www.imdb.com/title/tt0119217/?pf_rd_m=A2FGELUUNOQJNL&pf_rd_p=e31d89dd-322d-4646-8962-327b42fe94b1&pf_rd_r=R89VPNE1JV1285T28VW2&pf_rd_s=center-1&pf_rd_t=15506&pf_rd_i=top&ref_=chttp_tt_101",1997,"759827",8.3
"The Sting","George Roy Hill (dir.), Paul Newman, Robert Redford","http://www.imdb.com/title/tt0070735/?pf_rd_m=A2FGELUUNOQJNL&pf_rd_p=e31d89dd-322d-4646-8962-327b42fe94b1&pf_rd_r=R89VPNE1JV1285T28VW2&pf_rd_s=center-1&pf_rd_t=15506&pf_rd_i=top&ref_=chttp_tt_102",1973,"217762",8.3
"Jagten","Thomas Vinterberg (dir.), Mads Mikkelsen, Thomas Bo Larsen","http://www.imdb.com/title/tt2106476/?pf_rd_m=A2FGELUUNOQJNL&pf_rd_p=e31d89dd-322d-4646-8962-327b42fe94b1&pf_rd_r=R89VPNE1JV1285T28VW2&pf_rd_s=center-1&pf_rd_t=15506&pf_rd_i=top&ref_=chttp_tt_103",2012,"238950",8.3
"Toy Story 3","Lee Unkrich (dir.), Tom Hanks, Tim Allen","http://www.imdb.com/title/tt0435761/?pf_rd_m=A2FGELUUNOQJNL&pf_rd_p=e31d89dd-322d-4646-8962-327b42fe94b1&pf_rd_r=R89VPNE1JV1285T28VW2&pf_rd_s=center-1&pf_rd_t=15506&pf_rd_i=top&ref_=chttp_tt_104",2010,"675059",8.3
"Snatch","Guy Ritchie (dir.), Jason Statham, Brad Pitt","http://www.imdb.com/title/tt0208092/?pf_rd_m=A2FGELUUNOQJNL&pf_rd_p=e31d89dd-322d-4646-8962-327b42fe94b1&pf_rd_r=R89VPNE1JV1285T28VW2&pf_rd_s=center-1&pf_rd_t=15506&pf_rd_i=top&ref_=chttp_tt_105",2000,"713416",8.3
"Scarface","Brian De Palma (dir.), Al Pacino, Michelle Pfeiffer","http://www.imdb.com/title/tt0086250/?pf_rd_m=A2FGELUUNOQJNL&pf_rd_p=e31d89dd-322d-4646-8962-327b42fe94b1&pf_rd_r=R89VPNE1JV1285T28VW2&pf_rd_s=center-1&pf_rd_t=15506&pf_rd_i=top&ref_=chttp_tt_106",1983,"658966",8.2
"Per qualche dollaro in più","Sergio Leone (dir.), Clint Eastwood, Lee Van Cleef","http://www.imdb.com/title/tt0059578/?pf_rd_m=A2FGELUUNOQJNL&pf_rd_p=e31d89dd-322d-4646-8962-327b42fe94b1&pf_rd_r=R89VPNE1JV1285T28VW2&pf_rd_s=center-1&pf_rd_t=15506&pf_rd_i=top&ref_=chttp_tt_107",1965,"203577",8.2
"The Apartment","Billy Wilder (dir.), Jack Lemmon, Shirley MacLaine","http://www.imdb.com/title/tt0053604/?pf_rd_m=A2FGELUUNOQJNL&pf_rd_p=e31d89dd-322d-4646-8962-327b42fe94b1&pf_rd_r=R89VPNE1JV1285T28VW2&pf_rd_s=center-1&pf_rd_t=15506&pf_rd_i=top&ref_=chttp_tt_108",1960,"142087",8.2
"Metropolis","Fritz Lang (dir.), Brigitte Helm, Alfred Abel","http://www.imdb.com/title/tt0017136/?pf_rd_m=A2FGELUUNOQJNL&pf_rd_p=e31d89dd-322d-4646-8962-327b42fe94b1&pf_rd_r=R89VPNE1JV1285T28VW2&pf_rd_s=center-1&pf_rd_t=15506&pf_rd_i=top&ref_=chttp_tt_109",1927,"141938",8.2
"Monty Python and the Holy Grail","Terry Gilliam (dir.), Graham Chapman, John Cleese","http://www.imdb.com/title/tt0071853/?pf_rd_m=A2FGELUUNOQJNL&pf_rd_p=e31d89dd-322d-4646-8962-327b42fe94b1&pf_rd_r=R89VPNE1JV1285T28VW2&pf_rd_s=center-1&pf_rd_t=15506&pf_rd_i=top&ref_=chttp_tt_110",1975,"457888",8.2
"L.A. Confidential","Curtis Hanson (dir.), Kevin Spacey, Russell Crowe","http://www.imdb.com/title/tt0119488/?pf_rd_m=A2FGELUUNOQJNL&pf_rd_p=e31d89dd-322d-4646-8962-327b42fe94b1&pf_rd_r=R89VPNE1JV1285T28VW2&pf_rd_s=center-1&pf_rd_t=15506&pf_rd_i=top&ref_=chttp_tt_111",1997,"490212",8.2
"Jodaeiye Nader az Simin","Asghar Farhadi (dir.), Payman Maadi, Leila Hatami","http://www.imdb.com/title/tt1832382/?pf_rd_m=A2FGELUUNOQJNL&pf_rd_p=e31d89dd-322d-4646-8962-327b42fe94b1&pf_rd_r=R89VPNE1JV1285T28VW2&pf_rd_s=center-1&pf_rd_t=15506&pf_rd_i=top&ref_=chttp_tt_112",2011,"194336",8.2
"Indiana Jones and the Last Crusade","Steven Spielberg (dir.), Harrison Ford, Sean Connery","http://www.imdb.com/title/tt0097576/?pf_rd_m=A2FGELUUNOQJNL&pf_rd_p=e31d89dd-322d-4646-8962-327b42fe94b1&pf_rd_r=R89VPNE1JV1285T28VW2&pf_rd_s=center-1&pf_rd_t=15506&pf_rd_i=top&ref_=chttp_tt_113",1989,"628654",8.2
"Rashômon","Akira Kurosawa (dir.), Toshirô Mifune, Machiko Kyô","http://www.imdb.com/title/tt0042876/?pf_rd_m=A2FGELUUNOQJNL&pf_rd_p=e31d89dd-322d-4646-8962-327b42fe94b1&pf_rd_r=R89VPNE1JV1285T28VW2&pf_rd_s=center-1&pf_rd_t=15506&pf_rd_i=top&ref_=chttp_tt_114",1950,"132844",8.2
"Up","Pete Docter (dir.), Edward Asner, Jordan Nagai","http://www.imdb.com/title/tt1049413/?pf_rd_m=A2FGELUUNOQJNL&pf_rd_p=e31d89dd-322d-4646-8962-327b42fe94b1&pf_rd_r=R89VPNE1JV1285T28VW2&pf_rd_s=center-1&pf_rd_t=15506&pf_rd_i=top&ref_=chttp_tt_115",2009,"837433",8.2
"All About Eve","Joseph L. Mankiewicz (dir.), Bette Davis, Anne Baxter","http://www.imdb.com/title/tt0042192/?pf_rd_m=A2FGELUUNOQJNL&pf_rd_p=e31d89dd-322d-4646-8962-327b42fe94b1&pf_rd_r=R89VPNE1JV1285T28VW2&pf_rd_s=center-1&pf_rd_t=15506&pf_rd_i=top&ref_=chttp_tt_116",1950,"106905",8.2
"Batman Begins","Christopher Nolan (dir.), Christian Bale, Michael Caine","http://www.imdb.com/title/tt0372784/?pf_rd_m=A2FGELUUNOQJNL&pf_rd_p=e31d89dd-322d-4646-8962-327b42fe94b1&pf_rd_r=R89VPNE1JV1285T28VW2&pf_rd_s=center-1&pf_rd_t=15506&pf_rd_i=top&ref_=chttp_tt_117",2005,"1184049",8.2
"Some Like It Hot","Billy Wilder (dir.), Marilyn Monroe, Tony Curtis","http://www.imdb.com/title/tt0053291/?pf_rd_m=A2FGELUUNOQJNL&pf_rd_p=e31d89dd-322d-4646-8962-327b42fe94b1&pf_rd_r=R89VPNE1JV1285T28VW2&pf_rd_s=center-1&pf_rd_t=15506&pf_rd_i=top&ref_=chttp_tt_118",1959,"218332",8.2
"Yôjinbô","Akira Kurosawa (dir.), Toshirô Mifune, Eijirô Tôno","http://www.imdb.com/title/tt0055630/?pf_rd_m=A2FGELUUNOQJNL&pf_rd_p=e31d89dd-322d-4646-8962-327b42fe94b1&pf_rd_r=R89VPNE1JV1285T28VW2&pf_rd_s=center-1&pf_rd_t=15506&pf_rd_i=top&ref_=chttp_tt_119",1961,"96079",8.2
"Der Untergang","Oliver Hirschbiegel (dir.), Bruno Ganz, Alexandra Maria Lara","http://www.imdb.com/title/tt0363163/?pf_rd_m=A2FGELUUNOQJNL&pf_rd_p=e31d89dd-322d-4646-8962-327b42fe94b1&pf_rd_r=R89VPNE1JV1285T28VW2&pf_rd_s=center-1&pf_rd_t=15506&pf_rd_i=top&ref_=chttp_tt_120",2004,"302824",8.2
"Unforgiven","Clint Eastwood (dir.), Clint Eastwood, Gene Hackman","http://www.imdb.com/title/tt0105695/?pf_rd_m=A2FGELUUNOQJNL&pf_rd_p=e31d89dd-322d-4646-8962-327b42fe94b1&pf_rd_r=R89VPNE1JV1285T28VW2&pf_rd_s=center-1&pf_rd_t=15506&pf_rd_i=top&ref_=chttp_tt_121",1992,"338417",8.2
"Die Hard","John McTiernan (dir.), Bruce Willis, Alan Rickman","http://www.imdb.com/title/tt0095016/?pf_rd_m=A2FGELUUNOQJNL&pf_rd_p=e31d89dd-322d-4646-8962-327b42fe94b1&pf_rd_r=R89VPNE1JV1285T28VW2&pf_rd_s=center-1&pf_rd_t=15506&pf_rd_i=top&ref_=chttp_tt_122",1988,"715319",8.2
"Heat","Michael Mann (dir.), Al Pacino, Robert De Niro","http://www.imdb.com/title/tt0113277/?pf_rd_m=A2FGELUUNOQJNL&pf_rd_p=e31d89dd-322d-4646-8962-327b42fe94b1&pf_rd_r=R89VPNE1JV1285T28VW2&pf_rd_s=center-1&pf_rd_t=15506&pf_rd_i=top&ref_=chttp_tt_123",1995,"520681",8.2
"The Treasure of the Sierra Madre","John Huston (dir.), Humphrey Bogart, Walter Huston","http://www.imdb.com/title/tt0040897/?pf_rd_m=A2FGELUUNOQJNL&pf_rd_p=e31d89dd-322d-4646-8962-327b42fe94b1&pf_rd_r=R89VPNE1JV1285T28VW2&pf_rd_s=center-1&pf_rd_t=15506&pf_rd_i=top&ref_=chttp_tt_124",1948,"101242",8.2
"Incendies","Denis Villeneuve (dir.), Lubna Azabal, Mélissa Désormeaux-Poulin","http://www.imdb.com/title/tt1255953/?pf_rd_m=A2FGELUUNOQJNL&pf_rd_p=e31d89dd-322d-4646-8962-327b42fe94b1&pf_rd_r=R89VPNE1JV1285T28VW2&pf_rd_s=center-1&pf_rd_t=15506&pf_rd_i=top&ref_=chttp_tt_125",2010,"122750",8.2
"Green Book","Peter Farrelly (dir.), Viggo Mortensen, Mahershala Ali","http://www.imdb.com/title/tt6966692/?pf_rd_m=A2FGELUUNOQJNL&pf_rd_p=e31d89dd-322d-4646-8962-327b42fe94b1&pf_rd_r=R89VPNE1JV1285T28VW2&pf_rd_s=center-1&pf_rd_t=15506&pf_rd_i=top&ref_=chttp_tt_126",2018,"182434",8.2
"Ikiru","Akira Kurosawa (dir.), Takashi Shimura, Nobuo Kaneko","http://www.imdb.com/title/tt0044741/?pf_rd_m=A2FGELUUNOQJNL&pf_rd_p=e31d89dd-322d-4646-8962-327b42fe94b1&pf_rd_r=R89VPNE1JV1285T28VW2&pf_rd_s=center-1&pf_rd_t=15506&pf_rd_i=top&ref_=chttp_tt_127",1952,"58122",8.2
"Raging Bull","Martin Scorsese (dir.), Robert De Niro, Cathy Moriarty","http://www.imdb.com/title/tt0081398/?pf_rd_m=A2FGELUUNOQJNL&pf_rd_p=e31d89dd-322d-4646-8962-327b42fe94b1&pf_rd_r=R89VPNE1JV1285T28VW2&pf_rd_s=center-1&pf_rd_t=15506&pf_rd_i=top&ref_=chttp_tt_128",1980,"285689",8.2
"The Great Escape","John Sturges (dir.), Steve McQueen, James Garner","http://www.imdb.com/title/tt0057115/?pf_rd_m=A2FGELUUNOQJNL&pf_rd_p=e31d89dd-322d-4646-8962-327b42fe94b1&pf_rd_r=R89VPNE1JV1285T28VW2&pf_rd_s=center-1&pf_rd_t=15506&pf_rd_i=top&ref_=chttp_tt_129",1963,"203787",8.2
"Bacheha-Ye aseman","Majid Majidi (dir.), Mohammad Amir Naji, Amir Farrokh Hashemian","http://www.imdb.com/title/tt0118849/?pf_rd_m=A2FGELUUNOQJNL&pf_rd_p=e31d89dd-322d-4646-8962-327b42fe94b1&pf_rd_r=R89VPNE1JV1285T28VW2&pf_rd_s=center-1&pf_rd_t=15506&pf_rd_i=top&ref_=chttp_tt_130",1997,"51226",8.2
"Pan's Labyrinth","Guillermo del Toro (dir.), Ivana Baquero, Ariadna Gil","http://www.imdb.com/title/tt0457430/?pf_rd_m=A2FGELUUNOQJNL&pf_rd_p=e31d89dd-322d-4646-8962-327b42fe94b1&pf_rd_r=R89VPNE1JV1285T28VW2&pf_rd_s=center-1&pf_rd_t=15506&pf_rd_i=top&ref_=chttp_tt_131",2006,"568707",8.2
"Chinatown","Roman Polanski (dir.), Jack Nicholson, Faye Dunaway","http://www.imdb.com/title/tt0071315/?pf_rd_m=A2FGELUUNOQJNL&pf_rd_p=e31d89dd-322d-4646-8962-327b42fe94b1&pf_rd_r=R89VPNE1JV1285T28VW2&pf_rd_s=center-1&pf_rd_t=15506&pf_rd_i=top&ref_=chttp_tt_132",1974,"264275",8.2
"Tonari no Totoro","Hayao Miyazaki (dir.), Hitoshi Takagi, Noriko Hidaka","http://www.imdb.com/title/tt0096283/?pf_rd_m=A2FGELUUNOQJNL&pf_rd_p=e31d89dd-322d-4646-8962-327b42fe94b1&pf_rd_r=R89VPNE1JV1285T28VW2&pf_rd_s=center-1&pf_rd_t=15506&pf_rd_i=top&ref_=chttp_tt_133",1988,"236472",8.2
"Babam ve Oglum","Çagan Irmak (dir.), Çetin Tekindor, Fikret Kuskan","http://www.imdb.com/title/tt0476735/?pf_rd_m=A2FGELUUNOQJNL&pf_rd_p=e31d89dd-322d-4646-8962-327b42fe94b1&pf_rd_r=R89VPNE1JV1285T28VW2&pf_rd_s=center-1&pf_rd_t=15506&pf_rd_i=top&ref_=chttp_tt_134",2005,"65426",8.2
"The Third Man","Carol Reed (dir.), Orson Welles, Joseph Cotten","http://www.imdb.com/title/tt0041959/?pf_rd_m=A2FGELUUNOQJNL&pf_rd_p=e31d89dd-322d-4646-8962-327b42fe94b1&pf_rd_r=R89VPNE1JV1285T28VW2&pf_rd_s=center-1&pf_rd_t=15506&pf_rd_i=top&ref_=chttp_tt_135",1949,"142722",8.2
"Hauru no ugoku shiro","Hayao Miyazaki (dir.), Chieko Baishô, Takuya Kimura","http://www.imdb.com/title/tt0347149/?pf_rd_m=A2FGELUUNOQJNL&pf_rd_p=e31d89dd-322d-4646-8962-327b42fe94b1&pf_rd_r=R89VPNE1JV1285T28VW2&pf_rd_s=center-1&pf_rd_t=15506&pf_rd_i=top&ref_=chttp_tt_136",2004,"280338",8.2
"Ran","Akira Kurosawa (dir.), Tatsuya Nakadai, Akira Terao","http://www.imdb.com/title/tt0089881/?pf_rd_m=A2FGELUUNOQJNL&pf_rd_p=e31d89dd-322d-4646-8962-327b42fe94b1&pf_rd_r=R89VPNE1JV1285T28VW2&pf_rd_s=center-1&pf_rd_t=15506&pf_rd_i=top&ref_=chttp_tt_137",1985,"98880",8.2
"Judgment at Nuremberg","Stanley Kramer (dir.), Spencer Tracy, Burt Lancaster","http://www.imdb.com/title/tt0055031/?pf_rd_m=A2FGELUUNOQJNL&pf_rd_p=e31d89dd-322d-4646-8962-327b42fe94b1&pf_rd_r=R89VPNE1JV1285T28VW2&pf_rd_s=center-1&pf_rd_t=15506&pf_rd_i=top&ref_=chttp_tt_138",1961,"61271",8.2
"El secreto de sus ojos","Juan José Campanella (dir.), Ricardo Darín, Soledad Villamil","http://www.imdb.com/title/tt1305806/?pf_rd_m=A2FGELUUNOQJNL&pf_rd_p=e31d89dd-322d-4646-8962-327b42fe94b1&pf_rd_r=R89VPNE1JV1285T28VW2&pf_rd_s=center-1&pf_rd_t=15506&pf_rd_i=top&ref_=chttp_tt_139",2009,"171710",8.2
"The Gold Rush","Charles Chaplin (dir.), Charles Chaplin, Mack Swain","http://www.imdb.com/title/tt0015864/?pf_rd_m=A2FGELUUNOQJNL&pf_rd_p=e31d89dd-322d-4646-8962-327b42fe94b1&pf_rd_r=R89VPNE1JV1285T28VW2&pf_rd_s=center-1&pf_rd_t=15506&pf_rd_i=top&ref_=chttp_tt_140",1925,"88900",8.2
"The Bridge on the River Kwai","David Lean (dir.), William Holden, Alec Guinness","http://www.imdb.com/title/tt0050212/?pf_rd_m=A2FGELUUNOQJNL&pf_rd_p=e31d89dd-322d-4646-8962-327b42fe94b1&pf_rd_r=R89VPNE1JV1285T28VW2&pf_rd_s=center-1&pf_rd_t=15506&pf_rd_i=top&ref_=chttp_tt_141",1957,"185146",8.2
"A Beautiful Mind","Ron Howard (dir.), Russell Crowe, Ed Harris","http://www.imdb.com/title/tt0268978/?pf_rd_m=A2FGELUUNOQJNL&pf_rd_p=e31d89dd-322d-4646-8962-327b42fe94b1&pf_rd_r=R89VPNE1JV1285T28VW2&pf_rd_s=center-1&pf_rd_t=15506&pf_rd_i=top&ref_=chttp_tt_142",2001,"765179",8.2
"Lock, Stock and Two Smoking Barrels","Guy Ritchie (dir.), Jason Flemyng, Dexter Fletcher","http://www.imdb.com/title/tt0120735/?pf_rd_m=A2FGELUUNOQJNL&pf_rd_p=e31d89dd-322d-4646-8962-327b42fe94b1&pf_rd_r=R89VPNE1JV1285T28VW2&pf_rd_s=center-1&pf_rd_t=15506&pf_rd_i=top&ref_=chttp_tt_143",1998,"490543",8.2
"Casino","Martin Scorsese (dir.), Robert De Niro, Sharon Stone","http://www.imdb.com/title/tt0112641/?pf_rd_m=A2FGELUUNOQJNL&pf_rd_p=e31d89dd-322d-4646-8962-327b42fe94b1&pf_rd_r=R89VPNE1JV1285T28VW2&pf_rd_s=center-1&pf_rd_t=15506&pf_rd_i=top&ref_=chttp_tt_144",1995,"411207",8.2
"Det sjunde inseglet","Ingmar Bergman (dir.), Max von Sydow, Gunnar Björnstrand","http://www.imdb.com/title/tt0050976/?pf_rd_m=A2FGELUUNOQJNL&pf_rd_p=e31d89dd-322d-4646-8962-327b42fe94b1&pf_rd_r=R89VPNE1JV1285T28VW2&pf_rd_s=center-1&pf_rd_t=15506&pf_rd_i=top&ref_=chttp_tt_145",1957,"142428",8.1
"On the Waterfront","Elia Kazan (dir.), Marlon Brando, Karl Malden","http://www.imdb.com/title/tt0047296/?pf_rd_m=A2FGELUUNOQJNL&pf_rd_p=e31d89dd-322d-4646-8962-327b42fe94b1&pf_rd_r=R89VPNE1JV1285T28VW2&pf_rd_s=center-1&pf_rd_t=15506&pf_rd_i=top&ref_=chttp_tt_146",1954,"128013",8.1
"Three Billboards Outside Ebbing, Missouri","Martin McDonagh (dir.), Frances McDormand, Woody Harrelson","http://www.imdb.com/title/tt5027774/?pf_rd_m=A2FGELUUNOQJNL&pf_rd_p=e31d89dd-322d-4646-8962-327b42fe94b1&pf_rd_r=R89VPNE1JV1285T28VW2&pf_rd_s=center-1&pf_rd_t=15506&pf_rd_i=top&ref_=chttp_tt_147",2017,"336271",8.1
"The Wolf of Wall Street","Martin Scorsese (dir.), Leonardo DiCaprio, Jonah Hill","http://www.imdb.com/title/tt0993846/?pf_rd_m=A2FGELUUNOQJNL&pf_rd_p=e31d89dd-322d-4646-8962-327b42fe94b1&pf_rd_r=R89VPNE1JV1285T28VW2&pf_rd_s=center-1&pf_rd_t=15506&pf_rd_i=top&ref_=chttp_tt_148",2013,"1024710",8.1
"The Elephant Man","David Lynch (dir.), Anthony Hopkins, John Hurt","http://www.imdb.com/title/tt0080678/?pf_rd_m=A2FGELUUNOQJNL&pf_rd_p=e31d89dd-322d-4646-8962-327b42fe94b1&pf_rd_r=R89VPNE1JV1285T28VW2&pf_rd_s=center-1&pf_rd_t=15506&pf_rd_i=top&ref_=chttp_tt_149",1980,"199097",8.1
"Inside Out","Pete Docter (dir.), Amy Poehler, Bill Hader","http://www.imdb.com/title/tt2096673/?pf_rd_m=A2FGELUUNOQJNL&pf_rd_p=e31d89dd-322d-4646-8962-327b42fe94b1&pf_rd_r=R89VPNE1JV1285T28VW2&pf_rd_s=center-1&pf_rd_t=15506&pf_rd_i=top&ref_=chttp_tt_150",2015,"529828",8.1
"V for Vendetta","James McTeigue (dir.), Hugo Weaving, Natalie Portman","http://www.imdb.com/title/tt0434409/?pf_rd_m=A2FGELUUNOQJNL&pf_rd_p=e31d89dd-322d-4646-8962-327b42fe94b1&pf_rd_r=R89VPNE1JV1285T28VW2&pf_rd_s=center-1&pf_rd_t=15506&pf_rd_i=top&ref_=chttp_tt_151",2005,"946468",8.1
"Mr. Smith Goes to Washington","Frank Capra (dir.), James Stewart, Jean Arthur","http://www.imdb.com/title/tt0031679/?pf_rd_m=A2FGELUUNOQJNL&pf_rd_p=e31d89dd-322d-4646-8962-327b42fe94b1&pf_rd_r=R89VPNE1JV1285T28VW2&pf_rd_s=center-1&pf_rd_t=15506&pf_rd_i=top&ref_=chttp_tt_152",1939,"97657",8.1
"Room","Lenny Abrahamson (dir.), Brie Larson, Jacob Tremblay","http://www.imdb.com/title/tt3170832/?pf_rd_m=A2FGELUUNOQJNL&pf_rd_p=e31d89dd-322d-4646-8962-327b42fe94b1&pf_rd_r=R89VPNE1JV1285T28VW2&pf_rd_s=center-1&pf_rd_t=15506&pf_rd_i=top&ref_=chttp_tt_153",2015,"312465",8.1
"Warrior","Gavin O'Connor (dir.), Tom Hardy, Nick Nolte","http://www.imdb.com/title/tt1291584/?pf_rd_m=A2FGELUUNOQJNL&pf_rd_p=e31d89dd-322d-4646-8962-327b42fe94b1&pf_rd_r=R89VPNE1JV1285T28VW2&pf_rd_s=center-1&pf_rd_t=15506&pf_rd_i=top&ref_=chttp_tt_154",2011,"401374",8.1
"Blade Runner","Ridley Scott (dir.), Harrison Ford, Rutger Hauer","http://www.imdb.com/title/tt0083658/?pf_rd_m=A2FGELUUNOQJNL&pf_rd_p=e31d89dd-322d-4646-8962-327b42fe94b1&pf_rd_r=R89VPNE1JV1285T28VW2&pf_rd_s=center-1&pf_rd_t=15506&pf_rd_i=top&ref_=chttp_tt_155",1982,"623198",8.1
"Dial M for Murder","Alfred Hitchcock (dir.), Ray Milland, Grace Kelly","http://www.imdb.com/title/tt0046912/?pf_rd_m=A2FGELUUNOQJNL&pf_rd_p=e31d89dd-322d-4646-8962-327b42fe94b1&pf_rd_r=R89VPNE1JV1285T28VW2&pf_rd_s=center-1&pf_rd_t=15506&pf_rd_i=top&ref_=chttp_tt_156",1954,"139652",8.1
"No Country for Old Men","Ethan Coen (dir.), Tommy Lee Jones, Javier Bardem","http://www.imdb.com/title/tt0477348/?pf_rd_m=A2FGELUUNOQJNL&pf_rd_p=e31d89dd-322d-4646-8962-327b42fe94b1&pf_rd_r=R89VPNE1JV1285T28VW2&pf_rd_s=center-1&pf_rd_t=15506&pf_rd_i=top&ref_=chttp_tt_157",2007,"761362",8.1
"Andhadhun","Sriram Raghavan (dir.), Ayushmann Khurrana, Tabu","http://www.imdb.com/title/tt8108198/?pf_rd_m=A2FGELUUNOQJNL&pf_rd_p=e31d89dd-322d-4646-8962-327b42fe94b1&pf_rd_r=R89VPNE1JV1285T28VW2&pf_rd_s=center-1&pf_rd_t=15506&pf_rd_i=top&ref_=chttp_tt_158",2018,"40360",8.1
"There Will Be Blood","Paul Thomas Anderson (dir.), Daniel Day-Lewis, Paul Dano","http://www.imdb.com/title/tt0469494/?pf_rd_m=A2FGELUUNOQJNL&pf_rd_p=e31d89dd-322d-4646-8962-327b42fe94b1&pf_rd_r=R89VPNE1JV1285T28VW2&pf_rd_s=center-1&pf_rd_t=15506&pf_rd_i=top&ref_=chttp_tt_159",2007,"460288",8.1
"Smultronstället","Ingmar Bergman (dir.), Victor Sjöström, Bibi Andersson","http://www.imdb.com/title/tt0050986/?pf_rd_m=A2FGELUUNOQJNL&pf_rd_p=e31d89dd-322d-4646-8962-327b42fe94b1&pf_rd_r=R89VPNE1JV1285T28VW2&pf_rd_s=center-1&pf_rd_t=15506&pf_rd_i=top&ref_=chttp_tt_160",1957,"83602",8.1
"The General","Clyde Bruckman (dir.), Buster Keaton, Marion Mack","http://www.imdb.com/title/tt0017925/?pf_rd_m=A2FGELUUNOQJNL&pf_rd_p=e31d89dd-322d-4646-8962-327b42fe94b1&pf_rd_r=R89VPNE1JV1285T28VW2&pf_rd_s=center-1&pf_rd_t=15506&pf_rd_i=top&ref_=chttp_tt_161",1926,"71282",8.1
"The Sixth Sense","M. Night Shyamalan (dir.), Bruce Willis, Haley Joel Osment","http://www.imdb.com/title/tt0167404/?pf_rd_m=A2FGELUUNOQJNL&pf_rd_p=e31d89dd-322d-4646-8962-327b42fe94b1&pf_rd_r=R89VPNE1JV1285T28VW2&pf_rd_s=center-1&pf_rd_t=15506&pf_rd_i=top&ref_=chttp_tt_162",1999,"839009",8.1
"Trainspotting","Danny Boyle (dir.), Ewan McGregor, Ewen Bremner","http://www.imdb.com/title/tt0117951/?pf_rd_m=A2FGELUUNOQJNL&pf_rd_p=e31d89dd-322d-4646-8962-327b42fe94b1&pf_rd_r=R89VPNE1JV1285T28VW2&pf_rd_s=center-1&pf_rd_t=15506&pf_rd_i=top&ref_=chttp_tt_163",1996,"586318",8.1
"Gone with the Wind","Victor Fleming (dir.), Clark Gable, Vivien Leigh","http://www.imdb.com/title/tt0031381/?pf_rd_m=A2FGELUUNOQJNL&pf_rd_p=e31d89dd-322d-4646-8962-327b42fe94b1&pf_rd_r=R89VPNE1JV1285T28VW2&pf_rd_s=center-1&pf_rd_t=15506&pf_rd_i=top&ref_=chttp_tt_164",1939,"262680",8.1
"The Thing","John Carpenter (dir.), Kurt Russell, Wilford Brimley","http://www.imdb.com/title/tt0084787/?pf_rd_m=A2FGELUUNOQJNL&pf_rd_p=e31d89dd-322d-4646-8962-327b42fe94b1&pf_rd_r=R89VPNE1JV1285T28VW2&pf_rd_s=center-1&pf_rd_t=15506&pf_rd_i=top&ref_=chttp_tt_165",1982,"328454",8.1
"Fargo","Joel Coen (dir.), William H. Macy, Frances McDormand","http://www.imdb.com/title/tt0116282/?pf_rd_m=A2FGELUUNOQJNL&pf_rd_p=e31d89dd-322d-4646-8962-327b42fe94b1&pf_rd_r=R89VPNE1JV1285T28VW2&pf_rd_s=center-1&pf_rd_t=15506&pf_rd_i=top&ref_=chttp_tt_166",1996,"558010",8.1
"Idi i smotri","Elem Klimov (dir.), Aleksey Kravchenko, Olga Mironova","http://www.imdb.com/title/tt0091251/?pf_rd_m=A2FGELUUNOQJNL&pf_rd_p=e31d89dd-322d-4646-8962-327b42fe94b1&pf_rd_r=R89VPNE1JV1285T28VW2&pf_rd_s=center-1&pf_rd_t=15506&pf_rd_i=top&ref_=chttp_tt_167",1985,"42921",8.1
"Gran Torino","Clint Eastwood (dir.), Clint Eastwood, Bee Vang","http://www.imdb.com/title/tt1205489/?pf_rd_m=A2FGELUUNOQJNL&pf_rd_p=e31d89dd-322d-4646-8962-327b42fe94b1&pf_rd_r=R89VPNE1JV1285T28VW2&pf_rd_s=center-1&pf_rd_t=15506&pf_rd_i=top&ref_=chttp_tt_168",2008,"666085",8.1
"Finding Nemo","Andrew Stanton (dir.), Albert Brooks, Ellen DeGeneres","http://www.imdb.com/title/tt0266543/?pf_rd_m=A2FGELUUNOQJNL&pf_rd_p=e31d89dd-322d-4646-8962-327b42fe94b1&pf_rd_r=R89VPNE1JV1285T28VW2&pf_rd_s=center-1&pf_rd_t=15506&pf_rd_i=top&ref_=chttp_tt_169",2003,"860518",8.1
"The Deer Hunter","Michael Cimino (dir.), Robert De Niro, Christopher Walken","http://www.imdb.com/title/tt0077416/?pf_rd_m=A2FGELUUNOQJNL&pf_rd_p=e31d89dd-322d-4646-8962-327b42fe94b1&pf_rd_r=R89VPNE1JV1285T28VW2&pf_rd_s=center-1&pf_rd_t=15506&pf_rd_i=top&ref_=chttp_tt_170",1978,"282677",8.1
"Shutter Island","Martin Scorsese (dir.), Leonardo DiCaprio, Emily Mortimer","http://www.imdb.com/title/tt1130884/?pf_rd_m=A2FGELUUNOQJNL&pf_rd_p=e31d89dd-322d-4646-8962-327b42fe94b1&pf_rd_r=R89VPNE1JV1285T28VW2&pf_rd_s=center-1&pf_rd_t=15506&pf_rd_i=top&ref_=chttp_tt_171",2010,"996683",8.1
"The Big Lebowski","Joel Coen (dir.), Jeff Bridges, John Goodman","http://www.imdb.com/title/tt0118715/?pf_rd_m=A2FGELUUNOQJNL&pf_rd_p=e31d89dd-322d-4646-8962-327b42fe94b1&pf_rd_r=R89VPNE1JV1285T28VW2&pf_rd_s=center-1&pf_rd_t=15506&pf_rd_i=top&ref_=chttp_tt_172",1998,"658579",8.1
"Kill Bill: Vol. 1","Quentin Tarantino (dir.), Uma Thurman, David Carradine","http://www.imdb.com/title/tt0266697/?pf_rd_m=A2FGELUUNOQJNL&pf_rd_p=e31d89dd-322d-4646-8962-327b42fe94b1&pf_rd_r=R89VPNE1JV1285T28VW2&pf_rd_s=center-1&pf_rd_t=15506&pf_rd_i=top&ref_=chttp_tt_173",2003,"898818",8.1
"Sherlock Jr.","Buster Keaton (dir.), Buster Keaton, Kathryn McGuire","http://www.imdb.com/title/tt0015324/?pf_rd_m=A2FGELUUNOQJNL&pf_rd_p=e31d89dd-322d-4646-8962-327b42fe94b1&pf_rd_r=R89VPNE1JV1285T28VW2&pf_rd_s=center-1&pf_rd_t=15506&pf_rd_i=top&ref_=chttp_tt_174",1924,"32644",8.1
"Cool Hand Luke","Stuart Rosenberg (dir.), Paul Newman, George Kennedy","http://www.imdb.com/title/tt0061512/?pf_rd_m=A2FGELUUNOQJNL&pf_rd_p=e31d89dd-322d-4646-8962-327b42fe94b1&pf_rd_r=R89VPNE1JV1285T28VW2&pf_rd_s=center-1&pf_rd_t=15506&pf_rd_i=top&ref_=chttp_tt_175",1967,"147644",8.1
"Tôkyô monogatari","Yasujirô Ozu (dir.), Chishû Ryû, Chieko Higashiyama","http://www.imdb.com/title/tt0046438/?pf_rd_m=A2FGELUUNOQJNL&pf_rd_p=e31d89dd-322d-4646-8962-327b42fe94b1&pf_rd_r=R89VPNE1JV1285T28VW2&pf_rd_s=center-1&pf_rd_t=15506&pf_rd_i=top&ref_=chttp_tt_176",1953,"43314",8.1
"Rebecca","Alfred Hitchcock (dir.), Laurence Olivier, Joan Fontaine","http://www.imdb.com/title/tt0032976/?pf_rd_m=A2FGELUUNOQJNL&pf_rd_p=e31d89dd-322d-4646-8962-327b42fe94b1&pf_rd_r=R89VPNE1JV1285T28VW2&pf_rd_s=center-1&pf_rd_t=15506&pf_rd_i=top&ref_=chttp_tt_177",1940,"110174",8.1
"Mary and Max","Adam Elliot (dir.), Toni Collette, Philip Seymour Hoffman","http://www.imdb.com/title/tt0978762/?pf_rd_m=A2FGELUUNOQJNL&pf_rd_p=e31d89dd-322d-4646-8962-327b42fe94b1&pf_rd_r=R89VPNE1JV1285T28VW2&pf_rd_s=center-1&pf_rd_t=15506&pf_rd_i=top&ref_=chttp_tt_178",2009,"149966",8.1
"Hacksaw Ridge","Mel Gibson (dir.), Andrew Garfield, Sam Worthington","http://www.imdb.com/title/tt2119532/?pf_rd_m=A2FGELUUNOQJNL&pf_rd_p=e31d89dd-322d-4646-8962-327b42fe94b1&pf_rd_r=R89VPNE1JV1285T28VW2&pf_rd_s=center-1&pf_rd_t=15506&pf_rd_i=top&ref_=chttp_tt_179",2016,"361482",8.1
"How to Train Your Dragon","Dean DeBlois (dir.), Jay Baruchel, Gerard Butler","http://www.imdb.com/title/tt0892769/?pf_rd_m=A2FGELUUNOQJNL&pf_rd_p=e31d89dd-322d-4646-8962-327b42fe94b1&pf_rd_r=R89VPNE1JV1285T28VW2&pf_rd_s=center-1&pf_rd_t=15506&pf_rd_i=top&ref_=chttp_tt_180",2010,"605712",8.1
"Jurassic Park","Steven Spielberg (dir.), Sam Neill, Laura Dern","http://www.imdb.com/title/tt0107290/?pf_rd_m=A2FGELUUNOQJNL&pf_rd_p=e31d89dd-322d-4646-8962-327b42fe94b1&pf_rd_r=R89VPNE1JV1285T28VW2&pf_rd_s=center-1&pf_rd_t=15506&pf_rd_i=top&ref_=chttp_tt_181",1993,"777065",8.1
"Gone Girl","David Fincher (dir.), Ben Affleck, Rosamund Pike","http://www.imdb.com/title/tt2267998/?pf_rd_m=A2FGELUUNOQJNL&pf_rd_p=e31d89dd-322d-4646-8962-327b42fe94b1&pf_rd_r=R89VPNE1JV1285T28VW2&pf_rd_s=center-1&pf_rd_t=15506&pf_rd_i=top&ref_=chttp_tt_182",2014,"754908",8.1
"Relatos salvajes","Damián Szifron (dir.), Darío Grandinetti, María Marull","http://www.imdb.com/title/tt3011894/?pf_rd_m=A2FGELUUNOQJNL&pf_rd_p=e31d89dd-322d-4646-8962-327b42fe94b1&pf_rd_r=R89VPNE1JV1285T28VW2&pf_rd_s=center-1&pf_rd_t=15506&pf_rd_i=top&ref_=chttp_tt_183",2014,"149372",8.1
"Sunrise: A Song of Two Humans","F.W. Murnau (dir.), George O'Brien, Janet Gaynor","http://www.imdb.com/title/tt0018455/?pf_rd_m=A2FGELUUNOQJNL&pf_rd_p=e31d89dd-322d-4646-8962-327b42fe94b1&pf_rd_r=R89VPNE1JV1285T28VW2&pf_rd_s=center-1&pf_rd_t=15506&pf_rd_i=top&ref_=chttp_tt_184",1927,"42942",8.1
"The Truman Show","Peter Weir (dir.), Jim Carrey, Ed Harris","http://www.imdb.com/title/tt0120382/?pf_rd_m=A2FGELUUNOQJNL&pf_rd_p=e31d89dd-322d-4646-8962-327b42fe94b1&pf_rd_r=R89VPNE1JV1285T28VW2&pf_rd_s=center-1&pf_rd_t=15506&pf_rd_i=top&ref_=chttp_tt_185",1998,"832080",8.1
"Stalker","Andrei Tarkovsky (dir.), Alisa Freyndlikh, Aleksandr Kaydanovskiy","http://www.imdb.com/title/tt0079944/?pf_rd_m=A2FGELUUNOQJNL&pf_rd_p=e31d89dd-322d-4646-8962-327b42fe94b1&pf_rd_r=R89VPNE1JV1285T28VW2&pf_rd_s=center-1&pf_rd_t=15506&pf_rd_i=top&ref_=chttp_tt_186",1979,"96877",8.1
"The Grand Budapest Hotel","Wes Anderson (dir.), Ralph Fiennes, F. Murray Abraham","http://www.imdb.com/title/tt2278388/?pf_rd_m=A2FGELUUNOQJNL&pf_rd_p=e31d89dd-322d-4646-8962-327b42fe94b1&pf_rd_r=R89VPNE1JV1285T28VW2&pf_rd_s=center-1&pf_rd_t=15506&pf_rd_i=top&ref_=chttp_tt_187",2014,"628646",8.1
"In the Name of the Father","Jim Sheridan (dir.), Daniel Day-Lewis, Pete Postlethwaite","http://www.imdb.com/title/tt0107207/?pf_rd_m=A2FGELUUNOQJNL&pf_rd_p=e31d89dd-322d-4646-8962-327b42fe94b1&pf_rd_r=R89VPNE1JV1285T28VW2&pf_rd_s=center-1&pf_rd_t=15506&pf_rd_i=top&ref_=chttp_tt_188",1993,"140434",8.1
"Stand by Me","Rob Reiner (dir.), Wil Wheaton, River Phoenix","http://www.imdb.com/title/tt0092005/?pf_rd_m=A2FGELUUNOQJNL&pf_rd_p=e31d89dd-322d-4646-8962-327b42fe94b1&pf_rd_r=R89VPNE1JV1285T28VW2&pf_rd_s=center-1&pf_rd_t=15506&pf_rd_i=top&ref_=chttp_tt_189",1986,"331613",8.1
"Into the Wild","Sean Penn (dir.), Emile Hirsch, Vince Vaughn","http://www.imdb.com/title/tt0758758/?pf_rd_m=A2FGELUUNOQJNL&pf_rd_p=e31d89dd-322d-4646-8962-327b42fe94b1&pf_rd_r=R89VPNE1JV1285T28VW2&pf_rd_s=center-1&pf_rd_t=15506&pf_rd_i=top&ref_=chttp_tt_190",2007,"521476",8.1
"It Happened One Night","Frank Capra (dir.), Clark Gable, Claudette Colbert","http://www.imdb.com/title/tt0025316/?pf_rd_m=A2FGELUUNOQJNL&pf_rd_p=e31d89dd-322d-4646-8962-327b42fe94b1&pf_rd_r=R89VPNE1JV1285T28VW2&pf_rd_s=center-1&pf_rd_t=15506&pf_rd_i=top&ref_=chttp_tt_191",1934,"84240",8.1
"Platoon","Oliver Stone (dir.), Charlie Sheen, Tom Berenger","http://www.imdb.com/title/tt0091763/?pf_rd_m=A2FGELUUNOQJNL&pf_rd_p=e31d89dd-322d-4646-8962-327b42fe94b1&pf_rd_r=R89VPNE1JV1285T28VW2&pf_rd_s=center-1&pf_rd_t=15506&pf_rd_i=top&ref_=chttp_tt_192",1986,"349359",8.1
"Network","Sidney Lumet (dir.), Faye Dunaway, William Holden","http://www.imdb.com/title/tt0074958/?pf_rd_m=A2FGELUUNOQJNL&pf_rd_p=e31d89dd-322d-4646-8962-327b42fe94b1&pf_rd_r=R89VPNE1JV1285T28VW2&pf_rd_s=center-1&pf_rd_t=15506&pf_rd_i=top&ref_=chttp_tt_193",1976,"130193",8.1
"Life of Brian","Terry Jones (dir.), Graham Chapman, John Cleese","http://www.imdb.com/title/tt0079470/?pf_rd_m=A2FGELUUNOQJNL&pf_rd_p=e31d89dd-322d-4646-8962-327b42fe94b1&pf_rd_r=R89VPNE1JV1285T28VW2&pf_rd_s=center-1&pf_rd_t=15506&pf_rd_i=top&ref_=chttp_tt_194",1979,"332566",8.1
"Salinui chueok","Joon-ho Bong (dir.), Kang-ho Song, Sang-kyung Kim","http://www.imdb.com/title/tt0353969/?pf_rd_m=A2FGELUUNOQJNL&pf_rd_p=e31d89dd-322d-4646-8962-327b42fe94b1&pf_rd_r=R89VPNE1JV1285T28VW2&pf_rd_s=center-1&pf_rd_t=15506&pf_rd_i=top&ref_=chttp_tt_195",2003,"99287",8.1
"Ben-Hur","William Wyler (dir.), Charlton Heston, Jack Hawkins","http://www.imdb.com/title/tt0052618/?pf_rd_m=A2FGELUUNOQJNL&pf_rd_p=e31d89dd-322d-4646-8962-327b42fe94b1&pf_rd_r=R89VPNE1JV1285T28VW2&pf_rd_s=center-1&pf_rd_t=15506&pf_rd_i=top&ref_=chttp_tt_196",1959,"200324",8.1
"Persona","Ingmar Bergman (dir.), Bibi Andersson, Liv Ullmann","http://www.imdb.com/title/tt0060827/?pf_rd_m=A2FGELUUNOQJNL&pf_rd_p=e31d89dd-322d-4646-8962-327b42fe94b1&pf_rd_r=R89VPNE1JV1285T28VW2&pf_rd_s=center-1&pf_rd_t=15506&pf_rd_i=top&ref_=chttp_tt_197",1966,"86242",8.1
"Shin seiki Evangelion Gekijô-ban: Air/Magokoro wo, kimi ni","Hideaki Anno (dir.), Megumi Ogata, Megumi Hayashibara","http://www.imdb.com/title/tt0169858/?pf_rd_m=A2FGELUUNOQJNL&pf_rd_p=e31d89dd-322d-4646-8962-327b42fe94b1&pf_rd_r=R89VPNE1JV1285T28VW2&pf_rd_s=center-1&pf_rd_t=15506&pf_rd_i=top&ref_=chttp_tt_198",1997,"26299",8.1
"12 Years a Slave","Steve McQueen (dir.), Chiwetel Ejiofor, Michael Kenneth Williams","http://www.imdb.com/title/tt2024544/?pf_rd_m=A2FGELUUNOQJNL&pf_rd_p=e31d89dd-322d-4646-8962-327b42fe94b1&pf_rd_r=R89VPNE1JV1285T28VW2&pf_rd_s=center-1&pf_rd_t=15506&pf_rd_i=top&ref_=chttp_tt_199",2013,"572843",8.1
"Hotel Rwanda","Terry George (dir.), Don Cheadle, Sophie Okonedo","http://www.imdb.com/title/tt0395169/?pf_rd_m=A2FGELUUNOQJNL&pf_rd_p=e31d89dd-322d-4646-8962-327b42fe94b1&pf_rd_r=R89VPNE1JV1285T28VW2&pf_rd_s=center-1&pf_rd_t=15506&pf_rd_i=top&ref_=chttp_tt_200",2004,"311827",8.1
"Million Dollar Baby","Clint Eastwood (dir.), Hilary Swank, Clint Eastwood","http://www.imdb.com/title/tt0405159/?pf_rd_m=A2FGELUUNOQJNL&pf_rd_p=e31d89dd-322d-4646-8962-327b42fe94b1&pf_rd_r=R89VPNE1JV1285T28VW2&pf_rd_s=center-1&pf_rd_t=15506&pf_rd_i=top&ref_=chttp_tt_201",2004,"582929",8.1
"Before Sunrise","Richard Linklater (dir.), Ethan Hawke, Julie Delpy","http://www.imdb.com/title/tt0112471/?pf_rd_m=A2FGELUUNOQJNL&pf_rd_p=e31d89dd-322d-4646-8962-327b42fe94b1&pf_rd_r=R89VPNE1JV1285T28VW2&pf_rd_s=center-1&pf_rd_t=15506&pf_rd_i=top&ref_=chttp_tt_202",1995,"236203",8.1
"Eskiya","Yavuz Turgul (dir.), Sener Sen, Ugur Yücel","http://www.imdb.com/title/tt0116231/?pf_rd_m=A2FGELUUNOQJNL&pf_rd_p=e31d89dd-322d-4646-8962-327b42fe94b1&pf_rd_r=R89VPNE1JV1285T28VW2&pf_rd_s=center-1&pf_rd_t=15506&pf_rd_i=top&ref_=chttp_tt_203",1996,"54845",8.1
"Prisoners","Denis Villeneuve (dir.), Hugh Jackman, Jake Gyllenhaal","http://www.imdb.com/title/tt1392214/?pf_rd_m=A2FGELUUNOQJNL&pf_rd_p=e31d89dd-322d-4646-8962-327b42fe94b1&pf_rd_r=R89VPNE1JV1285T28VW2&pf_rd_s=center-1&pf_rd_t=15506&pf_rd_i=top&ref_=chttp_tt_204",2013,"521509",8.1
"Le salaire de la peur","Henri-Georges Clouzot (dir.), Yves Montand, Charles Vanel","http://www.imdb.com/title/tt0046268/?pf_rd_m=A2FGELUUNOQJNL&pf_rd_p=e31d89dd-322d-4646-8962-327b42fe94b1&pf_rd_r=R89VPNE1JV1285T28VW2&pf_rd_s=center-1&pf_rd_t=15506&pf_rd_i=top&ref_=chttp_tt_205",1953,"47870",8.1
"Mad Max: Fury Road","George Miller (dir.), Tom Hardy, Charlize Theron","http://www.imdb.com/title/tt1392190/?pf_rd_m=A2FGELUUNOQJNL&pf_rd_p=e31d89dd-322d-4646-8962-327b42fe94b1&pf_rd_r=R89VPNE1JV1285T28VW2&pf_rd_s=center-1&pf_rd_t=15506&pf_rd_i=top&ref_=chttp_tt_206",2015,"772825",8.1
"Rush","Ron Howard (dir.), Daniel Brühl, Chris Hemsworth","http://www.imdb.com/title/tt1979320/?pf_rd_m=A2FGELUUNOQJNL&pf_rd_p=e31d89dd-322d-4646-8962-327b42fe94b1&pf_rd_r=R89VPNE1JV1285T28VW2&pf_rd_s=center-1&pf_rd_t=15506&pf_rd_i=top&ref_=chttp_tt_207",2013,"389076",8.1
"Hachi: A Dog's Tale","Lasse Hallström (dir.), Richard Gere, Joan Allen","http://www.imdb.com/title/tt1028532/?pf_rd_m=A2FGELUUNOQJNL&pf_rd_p=e31d89dd-322d-4646-8962-327b42fe94b1&pf_rd_r=R89VPNE1JV1285T28VW2&pf_rd_s=center-1&pf_rd_t=15506&pf_rd_i=top&ref_=chttp_tt_208",2009,"221321",8.1
"Andrei Rublev","Andrei Tarkovsky (dir.), Anatoliy Solonitsyn, Ivan Lapikov","http://www.imdb.com/title/tt0060107/?pf_rd_m=A2FGELUUNOQJNL&pf_rd_p=e31d89dd-322d-4646-8962-327b42fe94b1&pf_rd_r=R89VPNE1JV1285T28VW2&pf_rd_s=center-1&pf_rd_t=15506&pf_rd_i=top&ref_=chttp_tt_209",1966,"38385",8.1
"Les quatre cents coups","François Truffaut (dir.), Jean-Pierre Léaud, Albert Rémy","http://www.imdb.com/title/tt0053198/?pf_rd_m=A2FGELUUNOQJNL&pf_rd_p=e31d89dd-322d-4646-8962-327b42fe94b1&pf_rd_r=R89VPNE1JV1285T28VW2&pf_rd_s=center-1&pf_rd_t=15506&pf_rd_i=top&ref_=chttp_tt_210",1959,"91619",8.1
"Logan","James Mangold (dir.), Hugh Jackman, Patrick Stewart","http://www.imdb.com/title/tt3315342/?pf_rd_m=A2FGELUUNOQJNL&pf_rd_p=e31d89dd-322d-4646-8962-327b42fe94b1&pf_rd_r=R89VPNE1JV1285T28VW2&pf_rd_s=center-1&pf_rd_t=15506&pf_rd_i=top&ref_=chttp_tt_211",2017,"549098",8.1
"La passion de Jeanne d'Arc","Carl Theodor Dreyer (dir.), Maria Falconetti, Eugene Silvain","http://www.imdb.com/title/tt0019254/?pf_rd_m=A2FGELUUNOQJNL&pf_rd_p=e31d89dd-322d-4646-8962-327b42fe94b1&pf_rd_r=R89VPNE1JV1285T28VW2&pf_rd_s=center-1&pf_rd_t=15506&pf_rd_i=top&ref_=chttp_tt_212",1928,"40284",8.1
"Spotlight","Tom McCarthy (dir.), Mark Ruffalo, Michael Keaton","http://www.imdb.com/title/tt1895587/?pf_rd_m=A2FGELUUNOQJNL&pf_rd_p=e31d89dd-322d-4646-8962-327b42fe94b1&pf_rd_r=R89VPNE1JV1285T28VW2&pf_rd_s=center-1&pf_rd_t=15506&pf_rd_i=top&ref_=chttp_tt_213",2015,"361146",8.1
"Catch Me If You Can","Steven Spielberg (dir.), Leonardo DiCaprio, Tom Hanks","http://www.imdb.com/title/tt0264464/?pf_rd_m=A2FGELUUNOQJNL&pf_rd_p=e31d89dd-322d-4646-8962-327b42fe94b1&pf_rd_r=R89VPNE1JV1285T28VW2&pf_rd_s=center-1&pf_rd_t=15506&pf_rd_i=top&ref_=chttp_tt_214",2002,"711558",8.1
"Amores perros","Alejandro G. Iñárritu (dir.), Emilio Echevarría, Gael García Bernal","http://www.imdb.com/title/tt0245712/?pf_rd_m=A2FGELUUNOQJNL&pf_rd_p=e31d89dd-322d-4646-8962-327b42fe94b1&pf_rd_r=R89VPNE1JV1285T28VW2&pf_rd_s=center-1&pf_rd_t=15506&pf_rd_i=top&ref_=chttp_tt_215",2000,"206008",8.1
"Harry Potter and the Deathly Hallows: Part 2","David Yates (dir.), Daniel Radcliffe, Emma Watson","http://www.imdb.com/title/tt1201607/?pf_rd_m=A2FGELUUNOQJNL&pf_rd_p=e31d89dd-322d-4646-8962-327b42fe94b1&pf_rd_r=R89VPNE1JV1285T28VW2&pf_rd_s=center-1&pf_rd_t=15506&pf_rd_i=top&ref_=chttp_tt_216",2011,"686036",8.1
"Kaze no tani no Naushika","Hayao Miyazaki (dir.), Sumi Shimamoto, Mahito Tsujimura","http://www.imdb.com/title/tt0087544/?pf_rd_m=A2FGELUUNOQJNL&pf_rd_p=e31d89dd-322d-4646-8962-327b42fe94b1&pf_rd_r=R89VPNE1JV1285T28VW2&pf_rd_s=center-1&pf_rd_t=15506&pf_rd_i=top&ref_=chttp_tt_217",1984,"127153",8
"The Princess Bride","Rob Reiner (dir.), Cary Elwes, Mandy Patinkin","http://www.imdb.com/title/tt0093779/?pf_rd_m=A2FGELUUNOQJNL&pf_rd_p=e31d89dd-322d-4646-8962-327b42fe94b1&pf_rd_r=R89VPNE1JV1285T28VW2&pf_rd_s=center-1&pf_rd_t=15506&pf_rd_i=top&ref_=chttp_tt_218",1987,"356029",8
"Rocky","John G. Avildsen (dir.), Sylvester Stallone, Talia Shire","http://www.imdb.com/title/tt0075148/?pf_rd_m=A2FGELUUNOQJNL&pf_rd_p=e31d89dd-322d-4646-8962-327b42fe94b1&pf_rd_r=R89VPNE1JV1285T28VW2&pf_rd_s=center-1&pf_rd_t=15506&pf_rd_i=top&ref_=chttp_tt_219",1976,"469112",8
"Butch Cassidy and the Sundance Kid","George Roy Hill (dir.), Paul Newman, Robert Redford","http://www.imdb.com/title/tt0064115/?pf_rd_m=A2FGELUUNOQJNL&pf_rd_p=e31d89dd-322d-4646-8962-327b42fe94b1&pf_rd_r=R89VPNE1JV1285T28VW2&pf_rd_s=center-1&pf_rd_t=15506&pf_rd_i=top&ref_=chttp_tt_220",1969,"186170",8
"Barry Lyndon","Stanley Kubrick (dir.), Ryan O'Neal, Marisa Berenson","http://www.imdb.com/title/tt0072684/?pf_rd_m=A2FGELUUNOQJNL&pf_rd_p=e31d89dd-322d-4646-8962-327b42fe94b1&pf_rd_r=R89VPNE1JV1285T28VW2&pf_rd_s=center-1&pf_rd_t=15506&pf_rd_i=top&ref_=chttp_tt_221",1975,"131263",8
"Rang De Basanti","Rakeysh Omprakash Mehra (dir.), Aamir Khan, Soha Ali Khan","http://www.imdb.com/title/tt0405508/?pf_rd_m=A2FGELUUNOQJNL&pf_rd_p=e31d89dd-322d-4646-8962-327b42fe94b1&pf_rd_r=R89VPNE1JV1285T28VW2&pf_rd_s=center-1&pf_rd_t=15506&pf_rd_i=top&ref_=chttp_tt_222",2006,"99855",8
"Monsters, Inc.","Pete Docter (dir.), Billy Crystal, John Goodman","http://www.imdb.com/title/tt0198781/?pf_rd_m=A2FGELUUNOQJNL&pf_rd_p=e31d89dd-322d-4646-8962-327b42fe94b1&pf_rd_r=R89VPNE1JV1285T28VW2&pf_rd_s=center-1&pf_rd_t=15506&pf_rd_i=top&ref_=chttp_tt_223",2001,"733148",8
"The Grapes of Wrath","John Ford (dir.), Henry Fonda, Jane Darwell","http://www.imdb.com/title/tt0032551/?pf_rd_m=A2FGELUUNOQJNL&pf_rd_p=e31d89dd-322d-4646-8962-327b42fe94b1&pf_rd_r=R89VPNE1JV1285T28VW2&pf_rd_s=center-1&pf_rd_t=15506&pf_rd_i=top&ref_=chttp_tt_224",1940,"80391",8
"Dead Poets Society","Peter Weir (dir.), Robin Williams, Robert Sean Leonard","http://www.imdb.com/title/tt0097165/?pf_rd_m=A2FGELUUNOQJNL&pf_rd_p=e31d89dd-322d-4646-8962-327b42fe94b1&pf_rd_r=R89VPNE1JV1285T28VW2&pf_rd_s=center-1&pf_rd_t=15506&pf_rd_i=top&ref_=chttp_tt_225",1989,"365580",8
"Da hong deng long gao gao gua","Yimou Zhang (dir.), Li Gong, Jingwu Ma","http://www.imdb.com/title/tt0101640/?pf_rd_m=A2FGELUUNOQJNL&pf_rd_p=e31d89dd-322d-4646-8962-327b42fe94b1&pf_rd_r=R89VPNE1JV1285T28VW2&pf_rd_s=center-1&pf_rd_t=15506&pf_rd_i=top&ref_=chttp_tt_226",1991,"25186",8
"The Maltese Falcon","John Huston (dir.), Humphrey Bogart, Mary Astor","http://www.imdb.com/title/tt0033870/?pf_rd_m=A2FGELUUNOQJNL&pf_rd_p=e31d89dd-322d-4646-8962-327b42fe94b1&pf_rd_r=R89VPNE1JV1285T28VW2&pf_rd_s=center-1&pf_rd_t=15506&pf_rd_i=top&ref_=chttp_tt_227",1941,"139657",8
"The Terminator","James Cameron (dir.), Arnold Schwarzenegger, Linda Hamilton","http://www.imdb.com/title/tt0088247/?pf_rd_m=A2FGELUUNOQJNL&pf_rd_p=e31d89dd-322d-4646-8962-327b42fe94b1&pf_rd_r=R89VPNE1JV1285T28VW2&pf_rd_s=center-1&pf_rd_t=15506&pf_rd_i=top&ref_=chttp_tt_228",1984,"724176",8
"Gandhi","Richard Attenborough (dir.), Ben Kingsley, John Gielgud","http://www.imdb.com/title/tt0083987/?pf_rd_m=A2FGELUUNOQJNL&pf_rd_p=e31d89dd-322d-4646-8962-327b42fe94b1&pf_rd_r=R89VPNE1JV1285T28VW2&pf_rd_s=center-1&pf_rd_t=15506&pf_rd_i=top&ref_=chttp_tt_229",1982,"206225",8
"Donnie Darko","Richard Kelly (dir.), Jake Gyllenhaal, Jena Malone","http://www.imdb.com/title/tt0246578/?pf_rd_m=A2FGELUUNOQJNL&pf_rd_p=e31d89dd-322d-4646-8962-327b42fe94b1&pf_rd_r=R89VPNE1JV1285T28VW2&pf_rd_s=center-1&pf_rd_t=15506&pf_rd_i=top&ref_=chttp_tt_230",2001,"694017",8
"Ah-ga-ssi","Chan-wook Park (dir.), Min-hee Kim, Jung-woo Ha","http://www.imdb.com/title/tt4016934/?pf_rd_m=A2FGELUUNOQJNL&pf_rd_p=e31d89dd-322d-4646-8962-327b42fe94b1&pf_rd_r=R89VPNE1JV1285T28VW2&pf_rd_s=center-1&pf_rd_t=15506&pf_rd_i=top&ref_=chttp_tt_231",2016,"76986",8
"La haine","Mathieu Kassovitz (dir.), Vincent Cassel, Hubert Koundé","http://www.imdb.com/title/tt0113247/?pf_rd_m=A2FGELUUNOQJNL&pf_rd_p=e31d89dd-322d-4646-8962-327b42fe94b1&pf_rd_r=R89VPNE1JV1285T28VW2&pf_rd_s=center-1&pf_rd_t=15506&pf_rd_i=top&ref_=chttp_tt_232",1995,"131024",8
"Faa yeung nin wa","Kar-Wai Wong (dir.), Tony Chiu-Wai Leung, Maggie Cheung","http://www.imdb.com/title/tt0118694/?pf_rd_m=A2FGELUUNOQJNL&pf_rd_p=e31d89dd-322d-4646-8962-327b42fe94b1&pf_rd_r=R89VPNE1JV1285T28VW2&pf_rd_s=center-1&pf_rd_t=15506&pf_rd_i=top&ref_=chttp_tt_233",2000,"104699",8
"Les diaboliques","Henri-Georges Clouzot (dir.), Simone Signoret, Véra Clouzot","http://www.imdb.com/title/tt0046911/?pf_rd_m=A2FGELUUNOQJNL&pf_rd_p=e31d89dd-322d-4646-8962-327b42fe94b1&pf_rd_r=R89VPNE1JV1285T28VW2&pf_rd_s=center-1&pf_rd_t=15506&pf_rd_i=top&ref_=chttp_tt_234",1955,"56176",8
"Groundhog Day","Harold Ramis (dir.), Bill Murray, Andie MacDowell","http://www.imdb.com/title/tt0107048/?pf_rd_m=A2FGELUUNOQJNL&pf_rd_p=e31d89dd-322d-4646-8962-327b42fe94b1&pf_rd_r=R89VPNE1JV1285T28VW2&pf_rd_s=center-1&pf_rd_t=15506&pf_rd_i=top&ref_=chttp_tt_235",1993,"538008",8
"The Wizard of Oz","Victor Fleming (dir.), Judy Garland, Frank Morgan","http://www.imdb.com/title/tt0032138/?pf_rd_m=A2FGELUUNOQJNL&pf_rd_p=e31d89dd-322d-4646-8962-327b42fe94b1&pf_rd_r=R89VPNE1JV1285T28VW2&pf_rd_s=center-1&pf_rd_t=15506&pf_rd_i=top&ref_=chttp_tt_236",1939,"350055",8
"The Help","Tate Taylor (dir.), Emma Stone, Viola Davis","http://www.imdb.com/title/tt1454029/?pf_rd_m=A2FGELUUNOQJNL&pf_rd_p=e31d89dd-322d-4646-8962-327b42fe94b1&pf_rd_r=R89VPNE1JV1285T28VW2&pf_rd_s=center-1&pf_rd_t=15506&pf_rd_i=top&ref_=chttp_tt_237",2011,"390271",8
"Jaws","Steven Spielberg (dir.), Roy Scheider, Robert Shaw","http://www.imdb.com/title/tt0073195/?pf_rd_m=A2FGELUUNOQJNL&pf_rd_p=e31d89dd-322d-4646-8962-327b42fe94b1&pf_rd_r=R89VPNE1JV1285T28VW2&pf_rd_s=center-1&pf_rd_t=15506&pf_rd_i=top&ref_=chttp_tt_238",1975,"506773",8
"Before Sunset","Richard Linklater (dir.), Ethan Hawke, Julie Delpy","http://www.imdb.com/title/tt0381681/?pf_rd_m=A2FGELUUNOQJNL&pf_rd_p=e31d89dd-322d-4646-8962-327b42fe94b1&pf_rd_r=R89VPNE1JV1285T28VW2&pf_rd_s=center-1&pf_rd_t=15506&pf_rd_i=top&ref_=chttp_tt_239",2004,"206471",8
"Guardians of the Galaxy","James Gunn (dir.), Chris Pratt, Vin Diesel","http://www.imdb.com/title/tt2015381/?pf_rd_m=A2FGELUUNOQJNL&pf_rd_p=e31d89dd-322d-4646-8962-327b42fe94b1&pf_rd_r=R89VPNE1JV1285T28VW2&pf_rd_s=center-1&pf_rd_t=15506&pf_rd_i=top&ref_=chttp_tt_240",2014,"931581",8
"Le notti di Cabiria","Federico Fellini (dir.), Giulietta Masina, François Périer","http://www.imdb.com/title/tt0050783/?pf_rd_m=A2FGELUUNOQJNL&pf_rd_p=e31d89dd-322d-4646-8962-327b42fe94b1&pf_rd_r=R89VPNE1JV1285T28VW2&pf_rd_s=center-1&pf_rd_t=15506&pf_rd_i=top&ref_=chttp_tt_241",1957,"38461",8
"Paris, Texas","Wim Wenders (dir.), Harry Dean Stanton, Nastassja Kinski","http://www.imdb.com/title/tt0087884/?pf_rd_m=A2FGELUUNOQJNL&pf_rd_p=e31d89dd-322d-4646-8962-327b42fe94b1&pf_rd_r=R89VPNE1JV1285T28VW2&pf_rd_s=center-1&pf_rd_t=15506&pf_rd_i=top&ref_=chttp_tt_242",1984,"73823",8
"Tenkû no shiro Rapyuta","Hayao Miyazaki (dir.), Anna Paquin, James Van Der Beek","http://www.imdb.com/title/tt0092067/?pf_rd_m=A2FGELUUNOQJNL&pf_rd_p=e31d89dd-322d-4646-8962-327b42fe94b1&pf_rd_r=R89VPNE1JV1285T28VW2&pf_rd_s=center-1&pf_rd_t=15506&pf_rd_i=top&ref_=chttp_tt_243",1986,"126676",8
"Pirates of the Caribbean: The Curse of the Black Pearl","Gore Verbinski (dir.), Johnny Depp, Geoffrey Rush","http://www.imdb.com/title/tt0325980/?pf_rd_m=A2FGELUUNOQJNL&pf_rd_p=e31d89dd-322d-4646-8962-327b42fe94b1&pf_rd_r=R89VPNE1JV1285T28VW2&pf_rd_s=center-1&pf_rd_t=15506&pf_rd_i=top&ref_=chttp_tt_244",2003,"958595",8
"Beauty and the Beast","Gary Trousdale (dir.), Paige O'Hara, Robby Benson","http://www.imdb.com/title/tt0101414/?pf_rd_m=A2FGELUUNOQJNL&pf_rd_p=e31d89dd-322d-4646-8962-327b42fe94b1&pf_rd_r=R89VPNE1JV1285T28VW2&pf_rd_s=center-1&pf_rd_t=15506&pf_rd_i=top&ref_=chttp_tt_245",1991,"386430",8
"The Best Years of Our Lives","William Wyler (dir.), Myrna Loy, Dana Andrews","http://www.imdb.com/title/tt0036868/?pf_rd_m=A2FGELUUNOQJNL&pf_rd_p=e31d89dd-322d-4646-8962-327b42fe94b1&pf_rd_r=R89VPNE1JV1285T28VW2&pf_rd_s=center-1&pf_rd_t=15506&pf_rd_i=top&ref_=chttp_tt_246",1946,"52994",8
"The Exorcist","William Friedkin (dir.), Ellen Burstyn, Max von Sydow","http://www.imdb.com/title/tt0070047/?pf_rd_m=A2FGELUUNOQJNL&pf_rd_p=e31d89dd-322d-4646-8962-327b42fe94b1&pf_rd_r=R89VPNE1JV1285T28VW2&pf_rd_s=center-1&pf_rd_t=15506&pf_rd_i=top&ref_=chttp_tt_247",1973,"330644",8
"Trois couleurs: Rouge","Krzysztof Kieslowski (dir.), Irène Jacob, Jean-Louis Trintignant","http://www.imdb.com/title/tt0111495/?pf_rd_m=A2FGELUUNOQJNL&pf_rd_p=e31d89dd-322d-4646-8962-327b42fe94b1&pf_rd_r=R89VPNE1JV1285T28VW2&pf_rd_s=center-1&pf_rd_t=15506&pf_rd_i=top&ref_=chttp_tt_248",1994,"79404",8
"Lagaan: Once Upon a Time in India","Ashutosh Gowariker (dir.), Aamir Khan, Raghuvir Yadav","http://www.imdb.com/title/tt0169102/?pf_rd_m=A2FGELUUNOQJNL&pf_rd_p=e31d89dd-322d-4646-8962-327b42fe94b1&pf_rd_r=R89VPNE1JV1285T28VW2&pf_rd_s=center-1&pf_rd_t=15506&pf_rd_i=top&ref_=chttp_tt_249",2001,"92172",8
"Dog Day Afternoon","Sidney Lumet (dir.), Al Pacino, John Cazale","http://www.imdb.com/title/tt0072890/?pf_rd_m=A2FGELUUNOQJNL&pf_rd_p=e31d89dd-322d-4646-8962-327b42fe94b1&pf_rd_r=R89VPNE1JV1285T28VW2&pf_rd_s=center-1&pf_rd_t=15506&pf_rd_i=top&ref_=chttp_tt_250",1975,"216948",8
